Price,Close,High,Low,Open,Volume
Ticker,GEV,GEV,GEV,GEV,GEV
Date,,,,,
2024-03-27,130.69769287109375,134.4319126674107,114.51607375372024,114.51607375372024,4960400
2024-03-28,136.17454528808594,137.34957246225622,129.41312482557558,137.34957246225622,2239100
2024-04-01,141.42237854003906,143.72265553856158,136.4932113725509,140.41661893500958,1029500
2024-04-02,139.41085815429688,151.83833611242673,138.05658063872917,142.24887098741183,18246100
2024-04-03,136.76206970214844,143.39404807218628,135.2285567069917,141.7012047102501,8866900
2024-04-04,125.52952575683594,138.76360875110942,124.73289678712472,135.42769977442265,14207700
2024-04-05,122.18367004394531,127.64060571199022,118.49924284319872,124.9718905615247,16054800
2024-04-08,129.41314697265625,131.39476351136827,125.33039331728544,125.5992538393398,12195000
2024-04-09,131.6138153076172,133.0378056442773,127.71031283231044,130.3192827819022,9143500
2024-04-10,137.7877197265625,139.34115265250568,128.3974094448164,128.95505047519822,8376800
2024-04-11,135.99533081054688,138.73375901346228,135.8360004320414,138.61425363229256,5326900
2024-04-12,133.43612670898438,137.52883239717,132.99299197987332,134.43191869934992,3765200
2024-04-15,131.19558715820312,134.7505716520169,129.30358856354454,134.03360024477007,3724900
2024-04-16,129.5226593017578,132.49011489954702,127.7103107563019,131.9424263174269,5870900
2024-04-17,134.18295288085938,137.59851166079292,130.6976813774604,131.48435025975618,6154600
2024-04-18,136.64256286621094,137.82755763347717,134.86008689365104,137.56864202038005,5022300
2024-04-19,134.53147888183594,139.99836616466402,134.33729218653826,136.67242518393562,4518800
2024-04-22,136.1148223876953,136.56292578656127,131.5540928198064,134.94974747281128,2435000
2024-04-23,147.2079315185547,147.72574760718106,137.28983662510456,137.87736544634097,4682800
2024-04-24,145.5648651123047,149.26921251304836,143.7425791505042,146.38142183361845,4684600
2024-04-25,147.6859130859375,151.49979837250865,138.08947188627158,142.39825985396172,6069300
2024-04-26,152.42588806152344,156.58829130977762,149.56795470180643,152.99348159783992,4230500
2024-04-29,158.3408660888672,158.87860222906085,152.93372331267872,152.93372331267872,5416300
2024-04-30,153.0631866455078,162.41367240701354,151.60932371930065,157.47453767116727,3490100
2024-05-01,151.0317840576172,156.0406170411755,148.79225470356263,153.5411843720989,3396800
2024-05-02,153.18267822265625,154.7859038775881,151.0208086619571,152.88393759731517,2530700
2024-05-03,165.5603485107422,166.4665227464131,154.48714793413797,154.97509141363255,4635100
2024-05-06,168.4282684326172,170.44972509899475,163.81774633222278,166.4566044081594,4007000
2024-05-07,166.65574645996094,172.7699086122899,166.46155973037014,167.95027907349348,2884800
2024-05-08,163.3098907470703,166.30721924744017,162.53815801192087,166.29726679732158,3679700
2024-05-09,165.69976806640625,168.0100125954689,163.95713222053837,164.30566546754343,4022600
2024-05-10,166.56610107421875,170.0812449640132,165.29148876716124,168.2888166589082,3459600
2024-05-13,160.85025024414062,166.84492120937216,159.50592521954687,164.30564904879355,4413800
2024-05-14,164.93301391601562,165.85410924918187,158.1914986351865,160.01379959859725,3855400
2024-05-15,167.16360473632812,171.6247640114575,166.25344935393886,167.6515483055212,2572000
2024-05-16,165.69976806640625,169.28462502716596,165.649990626473,167.3229137451084,1604400
2024-05-17,161.93568420410156,166.9345641141807,160.26276099921233,166.17776769214694,1937200
2024-05-20,160.27268981933594,163.60859848228733,159.53581359968953,162.3738111598367,1736100
2024-05-21,163.24017333984375,163.79782961670887,158.40063886376265,159.56571366666142,1945300
2024-05-22,163.16053771972656,166.65576243620797,162.3141083773496,163.59867346968957,2018900
2024-05-23,160.9897003173828,169.28464999025502,160.76067239834924,165.7197125965223,3139000
2024-05-24,176.683349609375,177.02193040341908,161.40790550265822,162.12487688657257,4294100
2024-05-28,177.340576171875,182.01084262316093,176.03609121145087,177.5895241473629,2632700
2024-05-29,176.57382202148438,177.93805202374384,173.36337480430313,175.2593694571582,1537700
2024-05-30,174.34324645996094,177.06175407352757,173.76568533863784,176.2252925300576,2034100
2024-05-31,175.15980529785156,179.00854681660425,164.7039893828733,176.35476784379875,5454900
2024-06-03,169.653076171875,178.24676589253485,165.7396209515434,178.17705315996065,3434800
2024-06-04,162.3539276123047,168.6971332431828,160.65113173185964,167.6415961112895,5279800
2024-06-05,162.80203247070312,167.59178935129069,161.7863204203883,164.39529048467324,8005500
2024-06-06,159.63540649414062,163.4393390703941,154.84564960314393,162.56303728432957,5249000
2024-06-07,161.39796447753906,165.06247163729617,158.37074837683744,158.82881936909692,4850300
2024-06-10,165.93875122070312,169.28461240304043,159.92218471715526,160.54156128390844,4223600
2024-06-11,167.52207946777344,167.8307725484632,162.61283233122032,164.8035716342705,2036100
2024-06-12,176.7729949951172,178.4658383073678,170.43477362790685,170.81814806679884,4016500
2024-06-13,175.42868041992188,181.19432479304402,172.11269113065805,179.0434103576436,3462200
2024-06-14,169.45391845703125,174.04452006670994,165.5006231031731,173.35742117325444,3128300
2024-06-17,168.04986572265625,171.15674734035454,165.45084778960066,169.03570535056744,2804200
2024-06-18,178.81436157226562,179.49149278145526,165.6300711400732,167.2332967319237,3364900
2024-06-20,176.4344024658203,184.71939841028868,174.3581848524908,177.71898253246238,4005300
2024-06-21,174.9905242919922,176.43441965626508,169.68295109692056,176.35476966731963,3793000
2024-06-24,177.39036560058594,178.39610993333585,174.0345518139108,175.8070601517907,2552900
2024-06-25,180.6864471435547,180.73623978020615,175.52825211154524,179.04339649611182,2553400
2024-06-26,179.24253845214844,180.96028552347948,176.87254891479387,180.12879261782317,2284000
2024-06-27,175.5382080078125,178.51860961853095,172.52095954135686,177.63932968129419,2541300
2024-06-28,170.7882843017578,175.55813659829766,166.47153439336654,174.06444856461036,3783600
2024-07-01,166.81504821777344,170.479554784124,164.4251387577135,170.2803994610966,2748200
2024-07-02,169.09542846679688,171.25629517326604,164.71394996803775,164.71394996803775,2447400
2024-07-03,171.95335388183594,174.04452314282747,168.46808190990333,169.384223913756,1317200
2024-07-05,175.4884033203125,176.69331821205265,170.53931633247856,170.7783118599402,1629500
2024-07-08,173.63621520996094,177.84842555881684,173.43705988439604,176.06594968775403,1659100
2024-07-09,172.25210571289062,174.09432709561167,171.87371506366097,173.54663842551236,1800600
2024-07-10,178.97369384765625,179.04340658181118,173.8652911645367,174.19388915687202,1835700
2024-07-11,175.95643615722656,182.38925889947467,175.80707344117366,180.23834462083636,2574500
2024-07-12,179.69064331054688,183.55530834928416,173.66609934387145,177.2011635883321,1603900
2024-07-15,176.69332885742188,181.04493488606536,175.7572819783591,179.48154940081034,3026400
2024-07-16,181.9710235595703,183.11617820628146,177.43019957532812,178.02768081379077,1789700
2024-07-17,165.13217163085938,179.4416962875831,162.2144934798082,179.4416962875831,6033800
2024-07-18,160.81044006347656,170.7285189193682,158.75909597758044,167.29303988913213,4736600
2024-07-19,162.65264892578125,163.0011821763835,158.44045334934873,161.31829139672945,2547800
2024-07-22,166.0582733154297,167.54200890895171,162.99522821689393,165.67988267665737,1738600
2024-07-23,169.77256774902344,170.29036860073316,165.5205320502853,166.29724852242856,3221800
2024-07-24,162.21449279785156,171.5749456802918,162.04520999990652,166.6358112204392,5532100
2024-07-25,159.3267059326172,165.59023037397856,155.751816614953,165.30145740509033,5163200
2024-07-26,172.3815460205078,173.2438991797054,163.0011876232585,167.7511195053688,3871900
2024-07-29,171.3260040283203,174.0345592845212,169.13526482848752,173.58645595642025,1757800
2024-07-30,162.0153350830078,173.33749903822368,161.76638711416652,172.20228171351226,2639300
2024-07-31,177.4899444580078,179.49646442394967,170.52935397042256,170.52935397042256,4056500
2024-08-01,173.29766845703125,183.08630495762966,171.08700915565692,181.13454608814837,3706800
2024-08-02,164.03680419921875,169.2746795976794,160.82040044480487,168.06976464866997,3314500
2024-08-05,161.5572967529297,164.6940354207898,149.37874986368507,151.7636759168761,3700500
2024-08-06,163.65843200683594,165.76452250037428,159.32673044502928,162.39377182944583,2799900
2024-08-07,165.37120056152344,172.0230844647948,163.99700260772963,167.95029844167667,3312800
2024-08-08,176.4643096923828,176.7132576961732,164.35547514131983,168.48800592640788,2755800
2024-08-09,178.35630798339844,178.7944589000724,171.8737074514639,175.77721031748064,2766500
2024-08-12,175.697509765625,179.74042209179282,173.65613351181662,177.73888601943338,1797800
2024-08-13,178.89401245117188,179.50144613049798,174.5772629844988,177.30075449501965,1551800
2024-08-14,183.3850555419922,184.41072007062732,177.49992126594256,179.24255723910048,2242700
2024-08-15,188.0254364013672,189.99710013562455,180.8457700193832,184.71939995513355,3478000
2024-08-16,183.2854766845703,188.0254564220907,179.6319246385295,187.925871142305,2718300
2024-08-19,184.61981201171875,184.72934972840076,180.45242534519886,183.32529469857676,1626900
2024-08-20,183.22572326660156,185.21730721515158,180.9154785928853,184.18169024752063,1138200
2024-08-21,183.48463439941406,184.4605215311547,181.04494695922358,182.69796537952166,1601400
2024-08-22,185.21728515625,185.95914522646578,181.5428107776629,184.22149330057124,2067900
2024-08-23,182.51869201660156,182.78756008607402,172.34171270227196,180.0391798917756,4872700
2024-08-26,181.3635711669922,182.4987732473296,178.4359407507069,180.71629735965067,2176800
2024-08-27,184.76918029785156,186.3126607000188,179.7304759818527,180.23832435390685,1613100
2024-08-28,183.22572326660156,184.58995340909283,180.00931944417562,183.0763605482922,2067600
2024-08-29,190.55474853515625,194.8565618664491,184.5750130013614,185.21730306485887,3155500
2024-08-30,200.15419006347656,200.52262823764622,193.3828014900748,195.0358198407808,3347700
2024-09-03,191.73976135253906,201.7474744462561,186.75881063618925,199.15840905076385,4275300
2024-09-04,198.7899627685547,203.33077187903723,191.31354557842408,192.2177294594372,3765100
2024-09-05,197.60494995117188,199.88530674983906,193.45249949091638,196.26062478872007,3064200
2024-09-06,197.4954071044922,200.3334048704722,192.56624029446087,198.15263339771727,3884700
2024-09-09,200.9607696533203,202.07605176759026,196.54941863774394,199.16834111640134,1654700
2024-09-10,201.159912109375,202.14575154013613,198.3019942774519,201.88685112151222,1894700
2024-09-11,208.26988220214844,209.23580161820047,200.65207979161374,203.24114496353087,3787500
2024-09-12,214.36412048339844,216.17645378877992,198.80984111454666,199.158374347486,4041400
2024-09-13,224.64068603515625,227.71470115310478,218.08837365678843,219.7214717283716,3697500
2024-09-16,228.9624481201172,230.53580130933187,224.2921963861549,226.92108666817154,2334900
2024-09-17,236.15206909179688,238.9900823981065,232.5273867832088,236.66988519147523,5144000
2024-09-18,234.6782989501953,240.5026853890566,233.0153281325986,237.61588231295096,3255900
2024-09-19,243.4213409423828,243.96902955785717,237.10802357929896,242.28115489670162,3060800
2024-09-20,244.4270782470703,249.79339295779906,241.23057966985542,242.20645144458496,4111400
2024-09-23,250.47154235839844,253.79748375021194,245.75148315105986,246.78213144292658,3336700
2024-09-24,254.40492248535156,256.4164264737247,251.05906093406657,252.931154657577,3804400
2024-09-25,253.97671508789062,256.6653500514539,251.10882968964827,256.01809142498456,2454200
2024-09-26,250.16287231445312,257.55166246919526,246.03034151201945,256.67536062990933,2817700
2024-09-27,248.80859375,253.35935536238554,248.52977320105902,249.70480048665596,2293600
2024-09-30,253.9070281982422,254.2754815535678,247.91237157474455,249.94378047546408,3372200
2024-10-01,255.4504852294922,256.51598981558914,250.04334271040503,254.92271675802033,2304100
2024-10-02,251.22833251953125,256.44628756124297,247.45428789281678,249.94376765028977,2769700
2024-10-03,253.60829162597656,256.15751663804156,249.83424674529493,252.0847311274443,1913700
2024-10-04,264.4723815917969,265.29890593209467,252.16439242439998,255.91853234795533,3157300
2024-10-07,261.4351806640625,264.860706795254,259.42366183299293,264.29309819109153,1925100
2024-10-08,263.157958984375,265.43435034979524,261.14646994624115,262.9189786124833,1671900
2024-10-09,265.4781799316406,268.1648250724715,261.7738321041605,263.38701044385675,1891700
2024-10-10,263.5064392089844,265.4283102205431,260.6883615941892,262.8890531131805,1795800
2024-10-11,265.76690673828125,268.9733273856954,259.9514554757418,262.64010568007234,1848400
2024-10-14,268.36590576171875,269.6902955617818,264.5719412134369,266.13534172407327,1822300
2024-10-15,265.2391052246094,269.73013623743117,258.9556610195729,268.8638021815555,2190200
2024-10-16,273.6137390136719,275.02777693246617,266.56354548577605,267.7684452180465,1844900
2024-10-17,270.85540771484375,280.188951469095,270.74588518822566,278.0649316368405,2510100
2024-10-18,271.5723876953125,274.1415176106685,270.2081575565614,272.5383071232775,2353700
2024-10-21,275.26678466796875,276.4318747189913,271.13425380465975,275.8343934207531,2570000
2024-10-22,275.2568359375,277.11896210120545,269.40655798157485,269.859629966931,2631800
2024-10-23,278.7022705078125,281.77926414868205,267.37015265767235,272.558220481469,4244600
2024-10-24,295.7502136230469,296.2879497931442,281.80912611219617,284.6072991028842,3620100
2024-10-25,292.30474853515625,297.5525606513321,291.16454741637534,294.1469695378646,2087800
2024-10-28,288.0129089355469,294.69466423237554,286.8677239123485,294.495493692039,2231600
2024-10-29,297.51275634765625,297.70195925335025,282.904505145512,286.78808775604324,2030600
2024-10-30,296.3476867675781,300.2611417897403,293.43002368321754,298.73758134047023,2085200
2024-10-31,300.3905944824219,302.4309833114,294.77431346217963,298.73757624715535,2550700
2024-11-01,299.8229675292969,310.2688144178601,299.25535887560744,303.71651734922665,2702200
2024-11-04,294.2166442871094,300.23123542278455,291.3089491742416,296.74596403313365,2070500
2024-11-05,314.4411926269531,315.1183542045996,293.62914830559725,294.60503529311967,3461400
2024-11-06,334.8847961425781,337.15520040699994,317.6576088228926,319.8085229243169,4486400
2024-11-07,335.3628234863281,338.9775532540746,331.10083500617594,337.5734829085523,2347600
2024-11-08,339.7442932128906,341.347534068935,334.33715016995853,335.08399413906494,1720000
2024-11-11,347.9695129394531,348.318046171239,337.07554746756676,346.33639968841356,2486600
2024-11-12,322.3477783203125,347.92967393869316,317.7571923779828,345.0418835882247,6123700
2024-11-13,331.8576354980469,342.19693895495055,329.1590174291524,333.0127578085438,3054500
2024-11-14,324.66802978515625,333.7008429048017,323.91121814622835,331.85764918749146,2449500
2024-11-15,328.372314453125,337.80842031074195,323.7319210076782,323.7319210076782,2931300
2024-11-18,324.0008544921875,331.83773306453315,320.8043705201994,325.19581710802163,1815200
2024-11-19,338.56927490234375,338.95764836329306,316.2137326832751,318.6634028465871,2200600
2024-11-20,341.32757568359375,346.53557821584207,336.3187436852931,342.3034626772866,2633600
2024-11-21,338.419921875,355.5873664636749,337.95189841307587,348.42761945528264,2671800
2024-11-22,347.6907043457031,348.2284404820513,332.5944954561445,338.4198841639713,2714600
2024-11-25,327.59564208984375,353.49616968409185,326.81293893105783,352.03235432240683,6212400
2024-11-26,337.46392822265625,339.27624636687835,329.22372602075643,330.871760383305,2007900
2024-11-27,333.9188537597656,338.31029928177406,328.2428586850345,337.8024661240843,2318200
2024-11-29,332.7140197753906,335.20349978734487,331.27013960195336,333.0525854103172,883700
2024-12-02,336.1195983886719,345.2111830802956,334.0981420956293,334.31721752395123,2328000
2024-12-03,330.52325439453125,338.529399234715,325.25550683696156,337.3244995680998,2103800
2024-12-04,342.3034973144531,343.27938440689445,332.2260872157812,335.0690539044142,2424000
2024-12-05,346.6650695800781,353.1974625890075,343.4884907078175,344.56393268342674,2099500
2024-12-06,345.0518798828125,347.8500528438612,339.56505648891533,346.0377041932495,1622800
2024-12-09,333.8392028808594,343.54817298701414,323.13444096894517,338.9177471680635,3045900
2024-12-10,326.0122985839844,335.1735650958233,320.97456685813364,332.803575701614,3473500
2024-12-11,342.3533020019531,349.1047710306817,331.927357798515,332.15640091504235,6671700
2024-12-12,328.5216979980469,341.55660987091153,326.8089347737985,341.55660987091153,3281800
2024-12-13,330.6128845214844,336.57766838761006,328.0636596417522,333.37121719509673,2972900
2024-12-16,336.2889099121094,339.06717811843237,329.4478236916331,334.64585917967594,4229800
2024-12-17,326.95831298828125,332.59449886119074,322.13868377723117,331.59870694843266,4408900
2024-12-18,315.7855529785156,330.66268783315144,312.8678897229941,326.21149639448873,3906900
2024-12-19,331.3995361328125,336.0399300890796,321.1528592393027,323.5825939355311,4584500
2024-12-20,341.4745788574219,344.4442805607766,326.018225632101,326.99484629180904,5476100
2024-12-23,343.7267761230469,345.0820566584429,335.834161672199,343.0590805805772,1435900
2024-12-24,346.08856201171875,347.7826626304326,342.13229497307117,346.0187968771827,1062400
2024-12-26,341.8831481933594,344.60368422751225,337.7275610296727,344.60368422751225,1210900
2024-12-27,332.64520263671875,339.5711711911858,331.34971216748136,338.77395096580926,1506600
2024-12-30,329.11749267578125,334.4788857153784,321.8825985311348,323.2179592223498,1837800
2024-12-31,327.79205322265625,331.9436564387924,326.367007633245,329.785134185302,1793800
2025-01-02,337.7674865722656,341.48459410358095,327.3835197339355,331.63876772560366,2471100
2025-01-03,352.80523681640625,353.7519624691357,330.3531802612825,330.54252539182835,2392400
2025-01-06,370.03546142578125,374.9932569735527,365.24210359172025,368.4708853910946,3419100
2025-01-07,367.2451171875,373.324020701868,355.9902121596049,371.96874013447024,2728200
2025-01-08,365.21221923828125,367.5142256493226,346.99545782776835,361.05663145029376,3160100
2025-01-10,365.8300476074219,366.5575027564147,349.7857384235422,361.9435454851168,2387000
2025-01-13,365.5410461425781,365.5809162809678,351.7887983626064,354.1007493851258,3267900
2025-01-14,380.9376220703125,387.53471602111495,372.4072369094433,375.0181684332226,3095600
2025-01-15,385.69110107421875,391.4112342955038,378.68542198399507,389.64736840984756,2524000
2025-01-16,389.6473693847656,396.3839934824411,385.69110203923805,392.7067562846986,2111600
2025-01-17,400.0213928222656,402.7319846532052,388.2422748384911,391.92948747149234,2363800
2025-01-21,414.56085205078125,415.76665755220273,393.92250660947934,403.59890644366925,4223300
2025-01-22,425.6224670410156,432.5982507607775,416.6536022584646,428.5124284996591,4973900
2025-01-23,436.19573974609375,445.9518798907974,421.197817179372,422.1644626941629,3925000
2025-01-24,419.0353088378906,435.4184372364776,414.5608516849588,435.4184372364776,4717500
2025-01-27,328.8583679199219,351.77879962343155,321.18499383698924,338.4251628872656,13356800
2025-01-28,353.8914794921875,354.2801449091084,316.600948694907,350.19931009146114,10396700
2025-01-29,352.0279846191406,367.56404970349286,345.0621752073515,357.0605027369327,5449800
2025-01-30,381.615234375,386.29898704778594,363.66752963277565,363.7372947690095,5682500
2025-01-31,371.590087890625,385.7409470810701,369.2781062498173,384.2262162191655,4139500
2025-02-03,360.45867919921875,365.9247200117041,347.74284227180107,349.1280178427105,4079400
2025-02-04,355.296630859375,364.813581744875,348.3557289962128,359.35255853676256,2766400
2025-02-05,366.6571350097656,368.19680344735315,358.38586111156064,362.7108431866319,2810000
2025-02-06,373.5332946777344,378.73523775604014,363.3366967486,364.7238795420145,2460800
2025-02-07,376.66241455078125,388.54119070938566,374.0913534383129,379.36303079435896,2391700
2025-02-10,383.6680908203125,384.36568133205947,370.7130643770292,377.8383228384345,2078900
2025-02-11,371.60992431640625,381.75469870553854,368.0921377766305,379.9808579372777,2064300
2025-02-12,368.3711853027344,376.95141471856084,358.4855206926047,363.4981181307093,1825400
2025-02-13,369.0289001464844,375.89507860363966,359.3525006684166,374.69921787116505,2609700
2025-02-14,366.3183288574219,368.00248478187154,355.76496832054687,368.00248478187154,2238800
2025-02-18,371.958740234375,376.46309232921385,362.0929954036601,366.64719277051415,2407300
2025-02-19,373.9020690917969,375.17763992453445,364.98301798910313,368.66025547019973,1670900
2025-02-20,358.4356994628906,381.9640377767031,351.88842071876707,373.7624980621188,3456000
2025-02-21,326.7457275390625,358.6848406996058,324.29424624786066,356.36291454865534,6965000
2025-02-24,314.8171081542969,328.2474740474528,302.3902470942678,326.24742872967886,7156900
2025-02-25,316.59100341796875,320.98973533305633,296.9691154695849,306.19709167541504,6835200
2025-02-26,334.08026123046875,340.88665056363965,326.7158420058993,333.6716759347611,4676800
2025-02-27,325.1512451171875,347.3043521976574,320.8860528363399,343.98585517952847,4768000
2025-02-28,334.0204772949219,334.83764790118124,317.5775570854889,321.234874537597,4096600
2025-03-03,314.8868713378906,336.2626463540488,307.70480337960953,333.5421103114843,4846200
2025-03-04,311.9869689941406,320.5372738526939,293.4313881227959,304.74209946010706,6257500
2025-03-05,315.70404052734375,322.76953993380727,310.1134625253493,313.4618242440189,4617100
2025-03-06,292.1956787109375,308.0107741358705,287.28274055084563,305.61908263175343,7501000
2025-03-07,288.2991638183594,299.95870021061666,278.59286876597656,291.98637595252717,7397700
2025-03-10,269.19549560546875,280.3966013214215,265.54815365185357,275.01528859438383,6818800
2025-03-11,283.2267761230469,290.52146011716417,267.58110801571183,269.05596853959105,5274800
2025-03-12,297.646728515625,306.9344938759471,291.37851026136013,300.53669007036774,4541500
2025-03-13,299.2013244628906,302.44008124457486,284.3628515142778,295.97254281852975,2880400
2025-03-14,312.5450134277344,314.7074893619045,301.9517826554525,305.38985967227154,4404500
2025-03-17,330.8116149902344,334.1301122784396,309.9241321552006,311.4189430819942,4376600
2025-03-18,317.82666015625,329.83198085890933,313.47379015003946,327.8618304729502,2773800
2025-03-19,334.6382751464844,342.23193901690144,319.3912182348625,322.1466672114668,3445600
2025-03-20,335.6647033691406,341.15565093102816,328.13086006795237,328.13086006795237,3500100
2025-03-21,332.71502685546875,333.99260488229766,323.98532090090674,329.4962199721919,3012100
2025-03-24,342.38140869140625,348.4104662312506,337.97668653417054,343.0490737602084,3141000
2025-03-25,335.0369567871094,343.74671176674593,332.0572797582823,342.68040604208875,2631700
2025-03-26,316.6009216308594,334.2895150933162,313.5714300661541,334.2895150933162,3798600
2025-03-27,301.9517822265625,313.90029351418167,301.2840866865621,309.1069359718622,3814200
2025-03-28,301.8819885253906,307.8114163147722,298.09514701398774,300.95521321404215,2725300
2025-03-31,304.223876953125,304.9712823141942,287.00365865057086,290.342075345747,4678300
2025-04-01,314.5480651855469,315.3353103018444,301.35384798472097,306.53587086760774,3544500
2025-04-02,329.65557861328125,334.6233487202331,304.94138687452573,306.0176372116255,4203200
2025-04-03,296.6302795410156,314.7772754064428,292.4597595503846,305.8931074152585,5752200
2025-04-04,270.54083251953125,282.48934367555967,251.37734728649528,276.201175399391,8095800
2025-04-07,285.08038330078125,297.457400806862,252.20051870329587,256.13085995742904,6522200
2025-04-08,285.89752197265625,305.99772706104517,278.6048149090029,302.71910026249776,5858400
2025-04-09,325.6794128417969,332.1469512423052,280.58695680944845,282.2302390289735,7482600
2025-04-10,308.8777770996094,321.12523941347877,302.05146777538386,310.96054334438946,4444800
2025-04-11,320.31805419921875,322.09189534177966,304.9414392509061,308.9276018554931,2800700
2025-04-14,321.1849670410156,333.09363729303107,316.4015851624154,332.1768067200992,2467500
2025-04-15,327.42333984375,329.98445619318795,321.9523423041665,322.2512922853451,1635300
2025-04-16,327.0247802734375,331.1604178495856,314.9068424341265,317.467959179387,4015200
2025-04-17,322.676513671875,339.0721337389185,320.91130302215424,334.3549225969761,2860900
2025-04-21,312.2347717285156,324.0527866429205,305.3833233792423,319.13610335505246,2526800
2025-04-22,325.1897277832031,330.32581842528936,316.7425927219734,318.1886599476997,3471400
2025-04-23,335.1826477050781,357.91112962522584,332.29048297794066,353.0841999186181,5443600
2025-04-24,359.5167541503906,365.67011002904127,336.3993418677124,341.5653498118134,4980400
2025-04-25,371.4145812988281,375.13449184096766,355.976362106282,358.83860902198575,3961100
2025-04-28,369.06097412109375,378.93625046343897,360.6537392692238,369.99843890785894,3001500
2025-04-29,370.1878967285156,371.0854609016257,362.2394122073531,368.62212797025643,2430000
2025-04-30,369.81890869140625,370.5070483409267,356.67449789467037,359.0081769705784,2756800
2025-05-01,381.2579040527344,386.47376464857325,377.4482099635764,382.305057094353,3246800
2025-05-02,395.25006103515625,402.33089923131826,384.50911735730153,389.94441615035294,3602400
2025-05-05,400.0171813964844,402.7098741135182,389.1575702037187,390.9417420127221,2296900
2025-05-06,400.1468200683594,401.5530171778199,391.06139828785075,393.504796256418,2242700
2025-05-07,405.71173095703125,406.1904460557513,395.9382002308832,398.92011837648676,2488700
2025-05-08,392.93634033203125,412.6330223664414,392.79670367327515,408.8931460307939,3346400
2025-05-09,398.18212890625,398.7007141073907,385.98513523803456,395.18024525351774,2383700
2025-05-12,415.5052185058594,417.6693430592315,407.7163057917439,413.8796141877327,2989900
2025-05-13,432.1601257324219,442.80133332798096,418.8661261210631,419.7736730465482,4769700
2025-05-14,431.6714782714844,439.15123086927525,430.65424287485365,437.73508142113394,2577200
2025-05-15,425.8172912597656,431.62158605056004,424.2415702477379,429.0086642510777,2954300
2025-05-16,426.90435791015625,430.2981858786307,421.95775701437844,429.8364231852606,2603800
2025-05-19,445.394287109375,446.23700701792416,420.4996732628168,423.3539460232473,3128700
2025-05-20,448.82501220703125,450.14641677473986,441.36221274562536,442.58190291424415,2756700
2025-05-21,451.80694580078125,461.7500308355328,445.29457617292746,445.7932263142185,3932400
2025-05-22,457.5813293457031,463.4454599587679,447.239330140603,451.77703431561326,2713800
2025-05-23,463.1363220214844,468.5426772112985,457.55143400005795,458.7681416388859,3571600
2025-05-27,470.2370910644531,474.72494257547805,464.7419564750259,470.3667449777355,2942600
2025-05-28,483.7006530761719,486.0841850892473,466.23791418734817,467.27511507445274,3318100
2025-05-29,469.8979797363281,487.8094839923546,460.7527229053599,485.93455462259004,4291100
2025-05-30,471.7030944824219,472.51090526942556,462.08910523361345,468.7311287096797,5092500
2025-06-02,483.8502502441406,484.9672217867923,471.2144411887111,473.7176748519269,2514400
2025-06-03,491.63909912109375,499.36817595894104,483.6906150136678,492.66631714794204,3476900
2025-06-04,486.81219482421875,498.0816759131812,485.19657322605065,492.39708252833753,2193600
2025-06-05,483.00250244140625,492.5366908071458,478.24338227821266,489.7442621609755,2443700
2025-06-06,483.6906433105469,487.6299916517911,476.7095412421472,485.46583661910375,2101100
2025-06-09,478.7041320800781,490.98089603256665,478.5046598509691,490.67173538208004,2346900
2025-06-10,464.0538024902344,481.3868866609702,457.4077917967465,481.0577605166099,3944400
2025-06-11,482.164794921875,483.0224586024033,462.7473561521353,468.2524430531385,3100400
2025-06-12,486.3534851074219,488.3879559500467,476.8093132566196,477.5173879978706,2431900
2025-06-13,477.1583251953125,483.31962482201766,472.9297513648663,476.39038451075896,2433900
2025-06-16,486.5628967285156,491.20033724134584,478.70416514771017,478.70416514771017,2134800
2025-06-17,487.34075927734375,492.68627417803145,480.2998217237961,485.45584713615744,2160400
2025-06-18,488.86663818359375,489.80410290365313,480.7087290058079,485.4758232388974,2240200
2025-06-20,485.6453552246094,494.67094138022316,479.25265652224925,492.19762563036574,4002400
2025-06-23,498.53045654296875,498.6900282360566,477.74672287248916,485.34614594906776,3098000
2025-06-24,509.4609069824219,511.4355726314731,495.3890136572153,504.59407640631355,2692600
2025-06-25,501.3129577636719,521.5581113482417,500.89407824404,514.6069574393721,2476000
2025-06-26,505.4417724609375,507.53610921880113,497.46336990541175,503.63666131756503,2205700
2025-06-27,518.257080078125,531.1522273432388,501.64208280631595,505.6312842600441,9150300
2025-06-30,527.7214965820312,529.9354741078164,515.1993633848062,522.85466607789,2030100
2025-07-01,504.63397216796875,526.5745796535326,480.8982362440261,523.7422199042462,6527000
2025-07-02,503.70648193359375,510.1390507621066,495.95743893779996,501.2231834309709,3389500
2025-07-03,515.6441040039062,518.3069395221279,504.6538661063114,510.3584248052419,1809200
2025-07-07,528.848388671875,529.755905087038,512.6921129706892,518.5961132159039,2268100
2025-07-08,528.5691528320312,535.7696316962254,510.11909749732826,533.5556542738428,3130700
2025-07-09,534.3236083984375,544.1569748798468,528.5691661114944,534.1141534192827,2295700
2025-07-10,537.9038696289062,540.9057532400814,518.5961506297363,537.5847262317656,2506200
2025-07-11,537.7044067382812,545.1742371688184,533.2265380991194,536.5475651651303,2286500
2025-07-14,553.5415649414062,554.354367162339,538.5421895747365,539.9882872578564,2471700
2025-07-15,558.0991821289062,559.1164478694175,544.0173073717648,555.3067535837919,2576900
2025-07-16,559.655029296875,564.990622776751,550.5098019851408,558.1092259037833,1953400
2025-07-17,568.630615234375,579.695692163158,564.6912674279483,567.1147603828917,2569400
2025-07-18,573.0487060546875,577.461808409243,565.4692484135214,569.0694877495564,2052800
2025-07-21,564.6279296875,576.3164166793125,563.3807615059824,574.8347954949217,2146800
2025-07-22,547.7461547851562,557.2446050018816,535.9380080778171,557.2446050018816,3938500
2025-07-23,627.6049194335938,632.2842354619684,583.674643131185,594.4002882827409,7081300
2025-07-24,622.5563354492188,631.63575548108,613.9059948200504,630.8375801005669,3918600
2025-07-25,643.1296997070312,649.7446233300641,624.5817888008887,628.5727267484982,3604500
2025-07-28,646.1926879882812,647.0487763276161,629.7300690309302,636.8140203931305,2920600
2025-07-29,631.236572265625,654.1645489695672,628.5626515232885,645.5241354222954,2749900
2025-07-30,653.5159912109375,654.6833233349537,633.7309022426946,638.5001016075261,2699600
2025-07-31,658.7940673828125,675.7555532726437,654.5836571747798,658.5047463110976,3343000
2025-08-01,655.0126342773438,662.7550629728502,631.0271211994155,636.7341327428171,3077400
2025-08-04,661.2684326171875,673.4407433006697,652.4684081032796,657.8661242889264,2155900
2025-08-05,648.2479858398438,663.6031333614733,642.5010866656867,659.7419059819117,2180200
2025-08-06,663.0443725585938,664.7804206428632,642.5409431513833,645.1649894524626,1894900
2025-08-07,644.396728515625,667.8664451666815,637.0733920815661,664.2616546312152,2239900
2025-08-08,647.6194458007812,654.7631972804851,637.7218767481401,653.7454887097122,1888700
2025-08-11,649.28564453125,651.9395912269064,635.9259663690581,639.5477470940866,1687600
2025-08-12,655.9505615234375,661.3333585510168,649.5251490113212,651.2611972697862,1803400
2025-08-13,632.8729248046875,664.6408158980624,612.838400369175,660.8194759743172,3936400
2025-08-14,623.8533935546875,638.8293963008197,618.8747087556732,625.5794545403431,2534400
2025-08-15,620.5009765625,622.6162295246694,606.4828203619364,622.6162295246694,2488200
2025-08-18,623.60400390625,627.1209812958022,612.8384102429843,619.97223590185,1860400
2025-08-19,601.7635498046875,619.5730843752779,593.841536282036,619.1440658935685,3096700
2025-08-20,603.2202758789062,606.3930640063496,579.9131536969039,591.2673761947792,3575800
2025-08-21,604.6270141601562,618.5952950153413,603.9385750249901,605.6447226808901,2566600
2025-08-22,605.6946411132812,622.5663033457097,601.1349875103494,606.5925655523495,2727700
2025-08-25,600.9453735351562,613.0788316757344,595.6813261335127,607.4506209800692,2130000
2025-08-26,624.491943359375,627.1559381889926,601.6757709363419,602.4819238087069,2689400
2025-08-27,620.97998046875,628.5078701037281,616.5999114662225,623.8035252143384,1862900
2025-08-28,632.25439453125,645.4843640960909,625.3600757477897,625.3600757477897,2256400
2025-08-29,611.5812377929688,633.5613562815522,607.959517875887,630.4284555895711,2266400
2025-09-02,578.36669921875,592.6542638639714,566.5734707009021,589.2120678288203,5267300
2025-09-03,575.732666015625,584.9567161487123,564.1489836480565,584.9567161487123,3657500
2025-09-04,597.453369140625,599.0098324612659,578.745848028654,579.4941488731328,3195400
2025-09-05,580.7612915039062,603.130481045055,564.2188371066644,598.6007885197187,3477700
2025-09-08,598.8701171875,604.6270643332512,583.6147796819014,593.0632954996446,2513700
2025-09-09,604.3277587890625,606.3132405690116,593.4225287342247,604.9762496329674,1863900
2025-09-10,642.1019287109375,643.728240605761,621.5885124999443,623.583981239912,3878700
2025-09-11,632.7132568359375,652.0193919795679,618.6950406244649,647.2801538588288,4099900
2025-09-12,624.1327514648438,645.4144435995454,622.7359598212063,630.6878738826,2640400
2025-09-15,627.2556762695312,638.4403011905936,622.6860355135266,628.7223775529756,1851900
2025-09-16,616.5100708007812,632.0847519377508,607.3508758039839,628.0738399383554,3104100
2025-09-17,613.3970947265625,617.711333729547,599.7580828660298,615.0034933525732,2058400
2025-09-18,609.61572265625,625.6792222496531,609.61572265625,621.548648086439,2245600
2025-09-19,622.7557983398438,624.2424126970426,595.1544753201284,610.304093815628,4107300
2025-09-22,642.9100952148438,647.0307430609059,618.7050495011704,618.7050495011704,2566000
2025-09-23,631.9749145507812,643.2603233372338,620.7903509885374,643.2194006375549,2427200
2025-09-24,627.5450439453125,640.5455538084068,622.77590466589,638.5500847934273,1617200
2025-09-25,606.1436767578125,618.3429661344749,592.0356964561488,613.5119557088208,3202500
2025-09-26,603.7988891601562,613.7463324545462,596.7548869727821,608.6179631985743,1845300
2025-09-29,601.0651245117188,615.0433931347384,595.0288435989386,611.0624426406021,2188700
2025-09-30,613.5069580078125,613.546845464259,601.9322271158155,603.5096390002976,1818700
2025-10-01,604.7766723632812,609.2764029182349,593.6519105216489,598.2814123046629,2423600
2025-10-02,604.8565673828125,621.089727209903,602.2475014047811,609.725516622088,2044600
2025-10-03,593.6420288085938,610.3640684452577,586.6678745334066,608.9073541808524,2668500
2025-10-06,601.8533325195312,607.2112224238357,592.3549421733975,604.6270634602954,1950800
2025-10-07,604.746826171875,608.009437451777,590.6588199990534,601.7885775016667,2161700
2025-10-08,624.0330200195312,625.0217417253808,597.642931803107,611.6112140155335,2286500
2025-10-09,632.8330688476562,635.7065490251262,619.7038842203946,627.5749886449805,2414000
2025-10-10,603.1903076171875,632.8330186224969,601.2297327226976,628.5726732390984,3003600
2025-10-13,646.7813720703125,654.5038271472117,611.7509293413466,611.7908167973868,3406800
2025-10-14,642.9500122070312,655.3917921180814,614.4447933543939,633.5613580888752,2890500
2025-10-15,614.5545043945312,663.18705234664,612.1998658697083,648.6969456950857,3246000
2025-10-16,600.6361083984375,622.2121147840126,593.8515266623484,620.09192918543,3500600
2025-10-17,598.640625,607.4396142482757,590.3105416774749,593.9213608932495,2747700
2025-10-20,592.97119140625,608.8717193231485,592.5818981446838,606.9951917734206,2634400
2025-10-21,584.247314453125,595.6761472262557,580.6839106794337,592.7615045745495,3956400
2025-10-22,574.9345703125,608.4125092976417,531.7345962727236,605.8772294786241,10333100
2025-10-23,594.0491943359375,598.8901990762325,578.9271924403581,578.9271924403581,3952700
2025-10-24,583.30908203125,612.6746474833259,583.0994485313514,605.8772462188158,3694200
2025-10-27,583.30908203125,592.9761654751326,578.9371787415903,589.7071987975518,2842400
2025-10-28,569.9238891601562,590.8251607259858,563.9549693338362,588.9087290388732,3589300
2025-10-29,576.9009399414062,584.491914930227,568.2180552189185,575.204133050702,2808500
2025-10-30,573.0081787109375,591.5737508512473,568.4466243009589,568.9456994759378,2305100
2025-10-31,584.0576782226562,590.9049746248384,575.4336450527353,579.0569354972731,2789500
2025-11-03,580.1848754882812,592.1726708009019,575.6931989651534,589.4077748682083,1853200
2025-11-04,546.9464721679688,575.1442187537884,540.4385125758703,569.9438336461242,3994900
2025-11-05,558.664794921875,566.4803296660734,540.2888118145253,548.9827237905699,2844700
2025-11-06,549.15234375,559.468249225197,544.401138485694,557.0577381376862,2215300
2025-11-07,574.0662231445312,575.822977530969,538.102836323045,545.688815635184,2823800
2025-11-10,578.7275390625,594.7379090668913,567.1490198052147,585.2354985957919,2555800
2025-11-11,575.0144653320312,581.7220063788885,562.0584324825318,579.5310590703679,1748500
2025-11-12,574.3357543945312,587.8506886400394,572.9483107416695,578.388242510133,2026300
2025-11-13,557.1375732421875,573.257726036755,536.3660665435964,573.257726036755,5166900
2025-11-14,577.2402954101562,590.7153244100614,541.9047757964637,544.1915537213608,4037300
2025-11-17,575.9527587890625,591.2543604371041,568.7860462839039,571.9401747173864,2998000
2025-11-18,553.903564453125,575.4117427225968,551.8174643454802,568.0074337224557,2986000
2025-11-19,594.2687377929688,598.890178544518,559.7626746951577,559.9623169391243,4212100
2025-11-20,556.9979248046875,626.8484737941029,556.6585268459206,606.0769653684142,4874600
2025-11-21,554.8118896484375,564.7035323172594,529.1793363286614,561.9686102423741,4872800
2025-11-24,579.416259765625,581.9216267742557,557.2273980202821,558.4052080674044,2748900
2025-11-25,571.5009765625,580.9235185441619,552.2266952483807,573.9364659156238,2356500
2025-11-26,588.6292114257812,595.8757929145988,578.4081613068897,580.6240868247023,2223800
2025-11-28,598.66064453125,598.66064453125,587.4414445394016,593.8994479492058,1006600
2025-12-01,575.8329467773438,588.9086916640305,573.7367945417931,588.9086916640305,2302500
2025-12-02,600.46728515625,608.7120165276849,583.9179358312111,585.0857546446406,2890800
2025-12-03,600.8565673828125,607.7208618214338,574.3157823483733,594.7778655598669,2754500
2025-12-04,627.9463500976562,637.9578273194421,601.7848684964575,603.8809598559783,3698500
2025-12-05,630.1522827148438,638.8162203932559,620.0510061036564,629.6931116244217,2348000
2025-12-08,620.7496948242188,635.2208637136686,606.2765155002083,629.8927247500063,2540100
2025-12-09,624.1434326171875,635.7020313015262,612.0658371522542,615.8587964858664,3017500
2025-12-10,721.6627197265625,729.6479227110888,677.7441033116679,690.8698050863886,11396400
2025-12-11,702.8975219726562,709.8346794184386,679.9400628344446,709.8346794184386,4830900
2025-12-12,670.4676513671875,697.6472682471637,655.15599687156,696.5592574660129,5225700
2025-12-15,680.0897216796875,693.7643937612058,673.7514912787849,687.2065386020873,3529600
2025-12-16,684.95068359375,698.5854510863137,669.763860585961,685.7292700863148,3572200
2025-12-17,613.053955078125,692.7163306680617,611.9560140814174,685.7292783414385,6770100
2025-12-18,638.2472534179688,657.4716383772559,635.3575887391513,648.0989922274553,4426500
2025-12-19,657.0623779296875,659.3681025777262,640.4131780944593,645.5836500177039,4489100
2025-12-22,660.5859375,670.158226985411,655.5851940689271,669.8687243687688,2694300
2025-12-23,660.2265625,663.5903243123834,652.7903301933147,663.5903243123834,1997600
2025-12-24,666.085693359375,672.2542551606454,657.0524449510972,659.4080651362563,1110900
2025-12-26,662.2328491210938,666.9640720037977,659.2683109200217,666.2254504968456,1155300
2025-12-29,662.2328491210938,669.7588807823716,650.4846000778201,658.379942492574,2186100
2025-12-30,658.419921875,667.2036329090182,658.1304192786881,664.4188153206316,1207000
