Date,Price,Dividend,Earnings,CPI,CAPE
1871-01-01,4.44,0.26,0.4,12.464061,
1871-02-01,4.5,0.26,0.4,12.844642,
1871-03-01,4.61,0.26,0.4,13.034972,
1871-04-01,4.74,0.26,0.4,12.559226,
1871-05-01,4.86,0.26,0.4,12.273811,
1871-06-01,4.82,0.26,0.4,12.083481,
1871-07-01,4.73,0.26,0.4,12.083481,
1871-08-01,4.79,0.26,0.4,11.893231,
1871-09-01,4.84,0.26,0.4,12.178646,
1871-10-01,4.59,0.26,0.4,12.368896,
1871-11-01,4.64,0.26,0.4,12.368896,
1871-12-01,4.74,0.26,0.4,12.654391,
1872-01-01,4.86,0.2633,0.4025,12.654391,
1872-02-01,4.88,0.2667,0.405,12.654391,
1872-03-01,5.04,0.27,0.4075,12.844642,
1872-04-01,5.18,0.2733,0.41,13.130137,
1872-05-01,5.18,0.2767,0.4125,13.130137,
1872-06-01,5.13,0.28,0.415,13.034972,
1872-07-01,5.1,0.2833,0.4175,12.844642,
1872-08-01,5.04,0.2867,0.42,12.939807,
1872-09-01,4.95,0.29,0.4225,13.034972,
1872-10-01,4.97,0.2933,0.425,12.749476,
1872-11-01,4.95,0.2967,0.4275,13.130137,
1872-12-01,5.07,0.3,0.43,12.939807,
1873-01-01,5.11,0.3025,0.4325,12.939807,
1873-02-01,5.15,0.305,0.435,13.225222,
1873-03-01,5.11,0.3075,0.4375,13.225222,
1873-04-01,5.04,0.31,0.44,13.225222,
1873-05-01,5.05,0.3125,0.4425,12.939807,
1873-06-01,4.98,0.315,0.445,12.559226,
1873-07-01,4.97,0.3175,0.4475,12.559226,
1873-08-01,4.97,0.32,0.45,12.559226,
1873-09-01,4.59,0.3225,0.4525,12.559226,
1873-10-01,4.19,0.325,0.455,12.273811,
1873-11-01,4.04,0.3275,0.4575,11.893231,
1873-12-01,4.42,0.33,0.46,12.178646,
1874-01-01,4.66,0.33,0.46,12.368896,
1874-02-01,4.8,0.33,0.46,12.368896,
1874-03-01,4.73,0.33,0.46,12.368896,
1874-04-01,4.6,0.33,0.46,12.178646,
1874-05-01,4.48,0.33,0.46,12.083481,
1874-06-01,4.46,0.33,0.46,11.798066,
1874-07-01,4.46,0.33,0.46,11.893231,
1874-08-01,4.47,0.33,0.46,11.798066,
1874-09-01,4.54,0.33,0.46,11.798066,
1874-10-01,4.53,0.33,0.46,11.607736,
1874-11-01,4.57,0.33,0.46,11.512651,
1874-12-01,4.54,0.33,0.46,11.512651,
1875-01-01,4.54,0.3275,0.4517,11.512651,
1875-02-01,4.53,0.325,0.4433,11.512651,
1875-03-01,4.59,0.3225,0.435,11.512651,
1875-04-01,4.65,0.32,0.4267,11.607736,
1875-05-01,4.47,0.3175,0.4183,11.322321,
1875-06-01,4.38,0.315,0.41,11.1320715,
1875-07-01,4.39,0.3125,0.4017,11.1320715,
1875-08-01,4.41,0.31,0.3933,11.227156,
1875-09-01,4.37,0.3075,0.385,11.1320715,
1875-10-01,4.3,0.305,0.3767,11.1320715,
1875-11-01,4.37,0.3025,0.3683,11.036906,
1875-12-01,4.37,0.3,0.36,10.94174,
1876-01-01,4.46,0.3,0.3533,10.846575,
1876-02-01,4.52,0.3,0.3467,10.846575,
1876-03-01,4.51,0.3,0.34,10.846575,
1876-04-01,4.34,0.3,0.3333,10.751491,
1876-05-01,4.18,0.3,0.3267,10.370911,
1876-06-01,4.15,0.3,0.32,10.085415,
1876-07-01,4.1,0.3,0.3133,10.085415,
1876-08-01,3.93,0.3,0.3067,10.18058,
1876-09-01,3.69,0.3,0.3,10.275745,
1876-10-01,3.67,0.3,0.2933,10.465995,
1876-11-01,3.6,0.3,0.2867,10.56116,
1876-12-01,3.58,0.3,0.28,10.751491,
1877-01-01,3.55,0.2908,0.2817,10.94174,
1877-02-01,3.34,0.2817,0.2833,10.656325,
1877-03-01,3.17,0.2725,0.285,10.18058,
1877-04-01,2.94,0.2633,0.2867,10.465995,
1877-05-01,2.94,0.2542,0.2883,10.656325,
1877-06-01,2.73,0.245,0.29,10.085415,
1877-07-01,2.85,0.2358,0.2917,10.18058,
1877-08-01,3.05,0.2267,0.2933,9.8,
1877-09-01,3.24,0.2175,0.295,9.704835,
1877-10-01,3.31,0.2083,0.2967,9.704835,
1877-11-01,3.26,0.1992,0.2983,9.5145855,
1877-12-01,3.25,0.19,0.3,9.5145855,
1878-01-01,3.25,0.1892,0.3008,9.229089,
1878-02-01,3.18,0.1883,0.3017,9.134005,
1878-03-01,3.24,0.1875,0.3025,8.943674,
1878-04-01,3.33,0.1867,0.3033,8.848509,
1878-05-01,3.34,0.1858,0.3042,8.563094,
1878-06-01,3.41,0.185,0.305,8.372845,
1878-07-01,3.48,0.1842,0.3058,8.467929,
1878-08-01,3.45,0.1833,0.3067,8.563094,
1878-09-01,3.52,0.1825,0.3075,8.563094,
1878-10-01,3.48,0.1817,0.3083,8.467929,
1878-11-01,3.47,0.1808,0.3092,8.372845,
1878-12-01,3.45,0.18,0.31,8.182514,
1879-01-01,3.58,0.1817,0.3158,8.277679,
1879-02-01,3.71,0.1833,0.3217,8.372845,
1879-03-01,3.65,0.185,0.3275,8.277679,
1879-04-01,3.77,0.1867,0.3333,8.182514,
1879-05-01,3.94,0.1883,0.3392,8.182514,
1879-06-01,3.96,0.19,0.345,8.087381,
1879-07-01,4.04,0.1917,0.3508,8.182514,
1879-08-01,4.07,0.1933,0.3567,8.182514,
1879-09-01,4.22,0.195,0.3625,8.467929,
1879-10-01,4.68,0.1967,0.3683,8.943674,
1879-11-01,4.93,0.1983,0.3742,9.41942,
1879-12-01,4.92,0.2,0.38,9.704835,
1880-01-01,5.11,0.205,0.3892,9.990331,
1880-02-01,5.2,0.21,0.3983,9.990331,
1880-03-01,5.3,0.215,0.4075,10.085415,
1880-04-01,5.18,0.22,0.4167,9.704835,
1880-05-01,4.77,0.225,0.4258,9.41942,
1880-06-01,4.79,0.23,0.435,9.229089,
1880-07-01,5.01,0.235,0.4442,9.229089,
1880-08-01,5.19,0.24,0.4533,9.229089,
1880-09-01,5.18,0.245,0.4625,9.324255,
1880-10-01,5.33,0.25,0.4717,9.324255,
1880-11-01,5.61,0.255,0.4808,9.41942,
1880-12-01,5.84,0.26,0.49,9.5145855,
1881-01-01,6.19,0.265,0.4858,9.41942,18.473953
1881-02-01,6.17,0.27,0.4817,9.5145855,18.147259
1881-03-01,6.24,0.275,0.4775,9.5145855,18.270119
1881-04-01,6.22,0.28,0.4733,9.60967,17.950108
1881-05-01,6.5,0.285,0.4692,9.5145855,18.869719
1881-06-01,6.58,0.29,0.465,9.5145855,19.028711
1881-07-01,6.35,0.295,0.4608,9.60967,18.116367
1881-08-01,6.2,0.3,0.4567,9.8,17.286243
1881-09-01,6.25,0.305,0.4525,10.18058,16.724836
1881-10-01,6.15,0.31,0.4483,10.275745,16.26199
1881-11-01,6.19,0.315,0.4442,10.18058,16.478642
1881-12-01,6.01,0.32,0.44,10.18058,15.958755
1882-01-01,5.92,0.32,0.4392,10.18058,15.678764
1882-02-01,5.79,0.32,0.4383,10.275745,15.153862
1882-03-01,5.78,0.32,0.4375,10.275745,15.09167
1882-04-01,5.78,0.32,0.4367,10.370911,14.916997
1882-05-01,5.71,0.32,0.4358,10.465995,14.567103
1882-06-01,5.68,0.32,0.435,10.56116,14.327405
1882-07-01,6.0,0.32,0.4342,10.465995,15.24056
1882-08-01,6.18,0.32,0.4333,10.56116,15.52543
1882-09-01,6.24,0.32,0.4325,10.275745,16.081106
1882-10-01,6.07,0.32,0.4317,10.18058,15.755581
1882-11-01,5.81,0.32,0.4308,10.085415,15.19267
1882-12-01,5.84,0.32,0.43,9.990331,15.382129
1883-01-01,5.81,0.3208,0.4275,9.990331,15.270259
1883-02-01,5.68,0.3217,0.425,10.085415,14.75759
1883-03-01,5.75,0.3225,0.4225,9.990331,15.051254
1883-04-01,5.87,0.3233,0.42,9.895165,15.482067
1883-05-01,5.77,0.3242,0.4175,9.8,15.335498
1883-06-01,5.82,0.325,0.415,9.5145855,15.903388
1883-07-01,5.73,0.3258,0.4125,9.324255,15.948783
1883-08-01,5.47,0.3267,0.41,9.324255,15.196811
1883-09-01,5.53,0.3275,0.4075,9.229089,15.494693
1883-10-01,5.38,0.3283,0.405,9.229089,15.048057
1883-11-01,5.46,0.3292,0.4025,9.134005,15.408218
1883-12-01,5.34,0.33,0.4,9.229089,14.896404
1884-01-01,5.18,0.3283,0.3925,9.229089,14.432821
1884-02-01,5.32,0.3267,0.385,9.229089,14.805961
1884-03-01,5.3,0.325,0.3775,9.229089,14.736024
1884-04-01,5.06,0.3233,0.37,9.038839,14.353454
1884-05-01,4.65,0.3217,0.3625,8.848509,13.465051
1884-06-01,4.46,0.32,0.355,8.848509,12.906877
1884-07-01,4.46,0.3183,0.3475,8.753425,13.043932
1884-08-01,4.74,0.3167,0.34,8.753425,13.859814
1884-09-01,4.59,0.315,0.3325,8.658259,13.569155
1884-10-01,4.44,0.3133,0.325,8.563094,13.273252
1884-11-01,4.35,0.3117,0.3175,8.372845,13.304438
1884-12-01,4.34,0.31,0.31,8.277679,13.432293
1885-01-01,4.24,0.3042,0.3067,8.277679,13.129817
1885-02-01,4.37,0.2983,0.3033,8.372845,13.384817
1885-03-01,4.38,0.2925,0.3,8.182514,13.734194
1885-04-01,4.37,0.2867,0.2967,8.277679,13.548549
1885-05-01,4.32,0.2808,0.2933,8.087381,13.711371
1885-06-01,4.3,0.275,0.29,7.897091,13.978785
1885-07-01,4.46,0.2692,0.2867,7.992232,14.326659
1885-08-01,4.71,0.2633,0.2833,7.992232,15.130411
1885-09-01,4.65,0.2575,0.28,7.897091,15.116285
1885-10-01,4.92,0.2517,0.2767,7.897091,15.991024
1885-11-01,5.24,0.2458,0.2733,7.992232,16.824034
1885-12-01,5.2,0.24,0.27,8.182514,16.304476
1886-01-01,5.2,0.2383,0.275,7.992232,16.692318
1886-02-01,5.3,0.2367,0.28,7.992232,17.006649
1886-03-01,5.19,0.235,0.285,7.897091,16.843266
1886-04-01,5.12,0.2333,0.29,7.801942,16.801716
1886-05-01,5.02,0.2317,0.295,7.611652,16.863195
1886-06-01,5.25,0.23,0.3,7.516503,17.831493
1886-07-01,5.33,0.2283,0.305,7.611652,17.845844
1886-08-01,5.37,0.2267,0.31,7.706793,17.723913
1886-09-01,5.51,0.225,0.315,7.706793,18.147144
1886-10-01,5.65,0.2233,0.32,7.706793,18.562382
1886-11-01,5.79,0.2217,0.325,7.706793,18.968313
1886-12-01,5.64,0.22,0.33,7.801942,18.194057
1887-01-01,5.58,0.2225,0.3325,7.992232,17.512222
1887-02-01,5.54,0.225,0.335,8.087381,17.125366
1887-03-01,5.67,0.2275,0.3375,8.087381,17.473213
1887-04-01,5.8,0.23,0.34,8.087381,17.822983
1887-05-01,5.9,0.2325,0.3425,8.087381,18.075445
1887-06-01,5.73,0.235,0.345,7.992232,17.707695
1887-07-01,5.59,0.2375,0.3475,7.897091,17.431461
1887-08-01,5.45,0.24,0.35,7.992232,16.73985
1887-09-01,5.38,0.2425,0.3525,7.897091,16.67663
1887-10-01,5.2,0.245,0.355,7.992232,15.880667
1887-11-01,5.3,0.2475,0.3575,8.087381,15.950712
1887-12-01,5.27,0.25,0.36,8.277679,15.455513
1888-01-01,5.31,0.2483,0.3517,8.372845,15.358663
1888-02-01,5.28,0.2467,0.3433,8.277679,15.418179
1888-03-01,5.08,0.245,0.335,8.277679,14.808972
1888-04-01,5.1,0.2433,0.3267,8.182514,15.020108
1888-05-01,5.17,0.2417,0.3183,8.087381,15.387917
1888-06-01,5.01,0.24,0.31,7.992232,15.077629
1888-07-01,5.14,0.2383,0.3017,8.087381,15.279642
1888-08-01,5.25,0.2367,0.2933,8.087381,15.602912
1888-09-01,5.38,0.235,0.285,8.087381,15.987829
1888-10-01,5.35,0.2333,0.2767,8.182514,15.715941
1888-11-01,5.24,0.2317,0.2683,8.277679,15.223749
1888-12-01,5.14,0.23,0.26,8.277679,14.946749
1889-01-01,5.24,0.2292,0.2633,7.992232,15.802286
1889-02-01,5.3,0.2283,0.2667,7.897091,16.19272
1889-03-01,5.19,0.2275,0.27,7.801942,16.065046
1889-04-01,5.18,0.2267,0.2733,7.801942,16.050104
1889-05-01,5.32,0.2258,0.2767,7.611652,16.91542
1889-06-01,5.41,0.225,0.28,7.611652,17.219303
1889-07-01,5.3,0.2242,0.2833,7.611652,16.889214
1889-08-01,5.37,0.2233,0.2867,7.611652,17.131853
1889-09-01,5.5,0.2225,0.29,7.706793,17.350788
1889-10-01,5.4,0.2217,0.2933,7.706793,17.053215
1889-11-01,5.35,0.2208,0.2967,7.706793,16.906021
1889-12-01,5.32,0.22,0.3,7.801942,16.610338
1890-01-01,5.38,0.22,0.2992,7.611652,17.220072
1890-02-01,5.32,0.22,0.2983,7.611652,17.026815
1890-03-01,5.28,0.22,0.2975,7.611652,16.901123
1890-04-01,5.39,0.22,0.2967,7.611652,17.257854
1890-05-01,5.62,0.22,0.2958,7.706793,17.78643
1890-06-01,5.58,0.22,0.295,7.706793,17.68436
1890-07-01,5.54,0.22,0.2942,7.706793,17.589296
1890-08-01,5.41,0.22,0.2933,7.992232,16.59679
1890-09-01,5.32,0.22,0.2925,8.087381,16.169703
1890-10-01,5.08,0.22,0.2917,8.087381,15.482849
1890-11-01,4.71,0.22,0.2908,7.897091,14.745044
1890-12-01,4.6,0.22,0.29,7.897091,14.442991
1891-01-01,4.84,0.22,0.2942,7.801942,15.42898
1891-02-01,4.9,0.22,0.2983,7.897091,15.476522
1891-03-01,4.81,0.22,0.3025,7.992232,15.051623
1891-04-01,4.97,0.22,0.3067,8.087381,15.408945
1891-05-01,4.95,0.22,0.3108,7.992232,15.566495
1891-06-01,4.85,0.22,0.315,7.801942,15.658212
1891-07-01,4.77,0.22,0.3192,7.706793,15.617919
1891-08-01,4.93,0.22,0.3233,7.706793,16.163998
1891-09-01,5.33,0.22,0.3275,7.611652,17.711262
1891-10-01,5.33,0.22,0.3317,7.611652,17.716568
1891-11-01,5.25,0.22,0.3358,7.516503,17.67174
1891-12-01,5.41,0.22,0.34,7.516503,18.206303
1892-01-01,5.51,0.2217,0.3425,7.326213,19.016388
1892-02-01,5.52,0.2233,0.345,7.326213,19.036425
1892-03-01,5.58,0.225,0.3475,7.1359224,19.738054
1892-04-01,5.57,0.2267,0.35,7.0407734,19.943266
1892-05-01,5.57,0.2283,0.3525,7.0407734,19.911465
1892-06-01,5.54,0.23,0.355,7.0407734,19.769285
1892-07-01,5.54,0.2317,0.3575,7.231072,19.211887
1892-08-01,5.62,0.2333,0.36,7.326213,19.204304
1892-09-01,5.48,0.235,0.3625,7.326213,18.694271
1892-10-01,5.59,0.2367,0.365,7.326213,19.040215
1892-11-01,5.57,0.2383,0.3675,7.516503,18.463312
1892-12-01,5.51,0.24,0.37,7.611652,18.01301
1893-01-01,5.61,0.2408,0.3608,7.897091,17.656643
1893-02-01,5.51,0.2417,0.3517,7.992232,17.125195
1893-03-01,5.31,0.2425,0.3425,7.801942,16.89959
1893-04-01,5.31,0.2433,0.3333,7.706793,17.102541
1893-05-01,4.84,0.2442,0.3242,7.611652,15.780988
1893-06-01,4.61,0.245,0.315,7.421362,15.416504
1893-07-01,4.18,0.2458,0.3058,7.231072,14.349854
1893-08-01,4.08,0.2467,0.2967,6.9456325,14.588057
1893-09-01,4.37,0.2475,0.2875,7.231072,15.012069
1893-10-01,4.5,0.2483,0.2783,7.326213,15.271794
1893-11-01,4.57,0.2492,0.2692,7.1359224,15.942411
1893-12-01,4.41,0.25,0.26,7.0407734,15.612695
1894-01-01,4.32,0.2467,0.2517,6.8504834,15.739869
1894-02-01,4.38,0.2433,0.2433,6.7553425,16.202736
1894-03-01,4.51,0.24,0.235,6.5650525,17.187622
1894-04-01,4.57,0.2367,0.2267,6.5650525,17.434849
1894-05-01,4.4,0.2333,0.2183,6.5650525,16.808752
1894-06-01,4.34,0.23,0.21,6.5650525,16.60632
1894-07-01,4.25,0.2267,0.2017,6.5650525,16.28968
1894-08-01,4.41,0.2233,0.1933,6.7553425,16.457777
1894-09-01,4.48,0.22,0.185,6.8504834,16.522316
1894-10-01,4.34,0.2167,0.1767,6.6601934,16.502905
1894-11-01,4.34,0.2133,0.1683,6.6601934,16.542784
1894-12-01,4.3,0.21,0.16,6.5650525,16.672466
1895-01-01,4.25,0.2083,0.1675,6.5650525,16.524445
1895-02-01,4.19,0.2067,0.175,6.5650525,16.331238
1895-03-01,4.19,0.205,0.1825,6.5650525,16.364626
1895-04-01,4.37,0.2033,0.19,6.8504834,16.387545
1895-05-01,4.61,0.2017,0.1975,6.9456325,17.08037
1895-06-01,4.7,0.2,0.205,7.0407734,17.207413
1895-07-01,4.72,0.1983,0.2125,6.9456325,17.546015
1895-08-01,4.79,0.1967,0.22,6.8504834,18.074072
1895-09-01,4.82,0.195,0.2275,6.8504834,18.200336
1895-10-01,4.75,0.1933,0.235,6.8504834,17.944706
1895-11-01,4.59,0.1917,0.2425,6.8504834,17.342999
1895-12-01,4.32,0.19,0.25,6.7553425,16.548414
1896-01-01,4.27,0.1892,0.2467,6.6601934,16.576225
1896-02-01,4.45,0.1883,0.2433,6.5650525,17.515404
1896-03-01,4.38,0.1875,0.24,6.5650525,17.232363
1896-04-01,4.42,0.1867,0.2367,6.4699035,17.6437
1896-05-01,4.4,0.1858,0.2333,6.3747544,17.828266
1896-06-01,4.32,0.185,0.23,6.279613,17.777578
1896-07-01,4.04,0.1842,0.2267,6.279613,16.6371
1896-08-01,3.81,0.1833,0.2233,6.279613,15.70337
1896-09-01,4.01,0.1825,0.22,6.279613,16.54434
1896-10-01,4.1,0.1817,0.2167,6.4699035,16.438868
1896-11-01,4.38,0.1808,0.2133,6.6601934,17.089426
1896-12-01,4.22,0.18,0.21,6.6601934,16.501404
1897-01-01,4.22,0.18,0.2183,6.4699035,17.026522
1897-02-01,4.18,0.18,0.2267,6.4699035,16.894026
1897-03-01,4.19,0.18,0.235,6.4699035,16.95803
1897-04-01,4.06,0.18,0.2433,6.3747544,16.696857
1897-05-01,4.08,0.18,0.2517,6.279613,17.047754
1897-06-01,4.27,0.18,0.26,6.279613,17.850498
1897-07-01,4.46,0.18,0.2683,6.279613,18.651976
1897-08-01,4.75,0.18,0.2767,6.5650525,19.006395
1897-09-01,4.98,0.18,0.285,6.7553425,19.37237
1897-10-01,4.82,0.18,0.2933,6.6601934,19.02803
1897-11-01,4.65,0.18,0.3017,6.6601934,18.358448
1897-12-01,4.75,0.18,0.31,6.6601934,18.748758
1898-01-01,4.88,0.1817,0.3133,6.6601934,19.249
1898-02-01,4.87,0.1833,0.3167,6.7553425,18.918133
1898-03-01,4.65,0.185,0.32,6.7553425,18.042175
1898-04-01,4.57,0.1867,0.3233,6.7553425,17.70509
1898-05-01,4.87,0.1883,0.3267,7.231072,17.595634
1898-06-01,5.06,0.19,0.33,6.7553425,19.544817
1898-07-01,5.08,0.1917,0.3333,6.6601934,19.858944
1898-08-01,5.27,0.1933,0.3367,6.6601934,20.544914
1898-09-01,5.26,0.195,0.34,6.6601934,20.442734
1898-10-01,5.15,0.1967,0.3433,6.6601934,19.9472
1898-11-01,5.32,0.1983,0.3467,6.6601934,20.527416
1898-12-01,5.65,0.2,0.35,6.7553425,21.403631
1899-01-01,6.08,0.2008,0.3608,6.7553425,22.932808
1899-02-01,6.31,0.2017,0.3717,6.9456325,23.048117
1899-03-01,6.4,0.2025,0.3825,6.9456325,23.279682
1899-04-01,6.48,0.2033,0.3933,7.0407734,23.152422
1899-05-01,6.21,0.2042,0.4042,7.0407734,22.091269
1899-06-01,6.07,0.205,0.415,7.1359224,21.212091
1899-07-01,6.28,0.2058,0.4258,7.231072,21.561426
1899-08-01,6.44,0.2067,0.4367,7.326213,21.726238
1899-09-01,6.37,0.2075,0.4475,7.611652,20.59114
1899-10-01,6.34,0.2083,0.4583,7.706793,20.153713
1899-11-01,6.46,0.2092,0.4692,7.801942,20.196457
1899-12-01,6.02,0.21,0.48,7.897091,18.51265
1900-01-01,6.1,0.2175,0.48,7.897091,18.674274
1900-02-01,6.21,0.225,0.48,7.992232,18.703798
1900-03-01,6.26,0.2325,0.48,7.992232,18.775793
1900-04-01,6.34,0.24,0.48,7.992232,18.936401
1900-05-01,6.04,0.2475,0.48,7.801942,18.403196
1900-06-01,5.86,0.255,0.48,7.706793,17.992712
1900-07-01,5.86,0.2625,0.48,7.801942,17.689545
1900-08-01,5.94,0.27,0.48,7.706793,18.069614
1900-09-01,5.8,0.2775,0.48,7.801942,17.341875
1900-10-01,6.01,0.285,0.48,7.706793,18.102398
1900-11-01,6.48,0.2925,0.48,7.706793,19.419584
1900-12-01,6.87,0.3,0.48,7.611652,20.744051
1901-01-01,7.07,0.3017,0.4817,7.706793,20.978582
1901-02-01,7.25,0.3033,0.4833,7.611652,21.67915
1901-03-01,7.51,0.305,0.485,7.611652,22.347584
1901-04-01,8.14,0.3067,0.4867,7.516503,24.409718
1901-05-01,7.73,0.3083,0.4883,7.516503,23.064013
1901-06-01,8.5,0.31,0.49,7.516503,25.238466
1901-07-01,7.93,0.3117,0.4917,7.611652,23.144848
1901-08-01,8.04,0.3133,0.4933,7.706793,23.077177
1901-09-01,8.0,0.315,0.495,7.801942,22.590467
1901-10-01,7.91,0.3167,0.4967,7.801942,22.252901
1901-11-01,8.08,0.3183,0.4983,7.897091,22.375074
1901-12-01,7.95,0.32,0.5,7.992232,21.680216
1902-01-01,8.12,0.3208,0.5108,7.897091,22.34029
1902-02-01,8.19,0.3217,0.5217,7.897091,22.459957
1902-03-01,8.2,0.3225,0.5325,7.897091,22.410652
1902-04-01,8.48,0.3233,0.5433,7.992232,22.823109
1902-05-01,8.46,0.3242,0.5542,8.087381,22.427954
1902-06-01,8.41,0.325,0.565,8.182514,21.963743
1902-07-01,8.6,0.3258,0.5758,8.182514,22.385687
1902-08-01,8.83,0.3267,0.5867,8.087381,23.168673
1902-09-01,8.85,0.3275,0.5975,8.182514,22.856565
1902-10-01,8.57,0.3283,0.6083,8.753425,20.604425
1902-11-01,8.24,0.3292,0.6192,8.467929,20.40854
1902-12-01,8.05,0.33,0.63,8.563094,19.633232
1903-01-01,8.46,0.3317,0.6217,8.658259,20.318132
1903-02-01,8.41,0.3333,0.6133,8.658259,20.107052
1903-03-01,8.08,0.335,0.605,8.372845,19.88456
1903-04-01,7.75,0.3367,0.5967,8.372845,18.980022
1903-05-01,7.6,0.3383,0.5883,8.182514,18.954859
1903-06-01,7.18,0.34,0.58,8.182514,17.818552
1903-07-01,6.85,0.3417,0.5717,8.182514,16.918179
1903-08-01,6.63,0.3433,0.5633,8.182514,16.299118
1903-09-01,6.47,0.345,0.555,8.277679,15.654359
1903-10-01,6.26,0.3467,0.5467,8.182514,15.252944
1903-11-01,6.28,0.3483,0.5383,8.087381,15.407878
1903-12-01,6.57,0.35,0.53,8.087381,16.042894
1904-01-01,6.68,0.3467,0.5267,8.277679,15.861834
1904-02-01,6.5,0.3433,0.5233,8.467929,15.021499
1904-03-01,6.48,0.34,0.52,8.372845,15.08193
1904-04-01,6.64,0.3367,0.5167,8.277679,15.565491
1904-05-01,6.5,0.3333,0.5133,8.087381,15.525821
1904-06-01,6.51,0.33,0.51,8.087381,15.474434
1904-07-01,6.78,0.3267,0.5067,8.087381,16.036402
1904-08-01,7.01,0.3233,0.5033,8.182514,16.304651
1904-09-01,7.32,0.32,0.5,8.277679,16.7426
1904-10-01,7.75,0.3167,0.4967,8.277679,17.633198
1904-11-01,8.17,0.3133,0.4933,8.467929,18.0762
1904-12-01,8.25,0.31,0.49,8.467929,18.15968
1905-01-01,8.43,0.3117,0.505,8.467929,18.459852
1905-02-01,8.8,0.3133,0.52,8.467929,19.168997
1905-03-01,9.05,0.315,0.535,8.372845,19.831507
1905-04-01,8.94,0.3167,0.55,8.372845,19.482927
1905-05-01,8.5,0.3183,0.565,8.277679,18.629488
1905-06-01,8.6,0.32,0.58,8.277679,18.735863
1905-07-01,8.87,0.3217,0.595,8.277679,19.205883
1905-08-01,9.2,0.3233,0.61,8.372845,19.573309
1905-09-01,9.23,0.325,0.625,8.277679,19.743492
1905-10-01,9.36,0.3267,0.64,8.277679,19.897394
1905-11-01,9.31,0.3283,0.655,8.372845,19.443525
1905-12-01,9.54,0.33,0.67,8.467929,19.577961
1906-01-01,9.87,0.3358,0.6775,8.467929,20.132402
1906-02-01,9.8,0.3417,0.685,8.467929,19.866753
1906-03-01,9.56,0.3475,0.6925,8.467929,19.259453
1906-04-01,9.43,0.3533,0.7,8.467929,18.876205
1906-05-01,9.18,0.3592,0.7075,8.563094,18.054045
1906-06-01,9.3,0.365,0.715,8.563094,18.172667
1906-07-01,9.06,0.3708,0.7225,8.277679,18.1952
1906-08-01,9.73,0.3767,0.73,8.467929,18.96725
1906-09-01,10.03,0.3825,0.7375,8.563094,19.200994
1906-10-01,9.73,0.3883,0.745,8.753425,18.09538
1906-11-01,9.93,0.3942,0.7525,8.848509,18.141851
1906-12-01,9.84,0.4,0.76,8.943674,17.660004
1907-01-01,9.56,0.4033,0.7517,8.848509,17.218914
1907-02-01,9.26,0.4067,0.7433,9.038839,16.217072
1907-03-01,8.35,0.41,0.735,8.943674,14.687545
1907-04-01,8.39,0.4133,0.7267,8.943674,14.66971
1907-05-01,8.1,0.4167,0.7183,9.134005,13.790107
1907-06-01,7.84,0.42,0.71,9.229089,13.14427
1907-07-01,8.14,0.4233,0.7017,9.229089,13.585008
1907-08-01,7.53,0.4267,0.6933,9.229089,12.513472
1907-09-01,7.45,0.43,0.685,9.229089,12.328569
1907-10-01,6.64,0.4333,0.6767,9.324255,10.8318405
1907-11-01,6.25,0.4367,0.6683,8.943674,10.591178
1907-12-01,6.57,0.44,0.66,8.753425,11.333306
1908-01-01,6.85,0.4367,0.6533,8.658259,11.902968
1908-02-01,6.6,0.4333,0.6467,8.563094,11.554847
1908-03-01,6.87,0.43,0.64,8.563094,11.984663
1908-04-01,7.24,0.4267,0.6333,8.658259,12.448889
1908-05-01,7.63,0.4233,0.6267,8.658259,13.078451
1908-06-01,7.64,0.42,0.62,8.658259,13.051684
1908-07-01,7.92,0.4167,0.6133,8.753425,13.345487
1908-08-01,8.26,0.4133,0.6067,8.753425,13.8842325
1908-09-01,8.17,0.41,0.6,8.753425,13.701443
1908-10-01,8.27,0.4067,0.5933,8.848509,13.69081
1908-11-01,8.83,0.4033,0.5867,8.943674,14.435014
1908-12-01,9.03,0.4,0.58,9.038839,14.582483
1909-01-01,9.06,0.4033,0.595,8.943674,14.764419
1909-02-01,8.8,0.4067,0.61,9.038839,14.167157
1909-03-01,8.92,0.41,0.625,9.038839,14.336059
1909-04-01,9.32,0.4133,0.64,9.229089,14.645199
1909-05-01,9.63,0.4167,0.655,9.324255,14.953509
1909-06-01,9.8,0.42,0.67,9.41942,15.040444
1909-07-01,9.94,0.4233,0.685,9.41942,15.2315035
1909-08-01,10.18,0.4267,0.7,9.5145855,15.417581
1909-09-01,10.19,0.43,0.715,9.60967,15.254446
1909-10-01,10.23,0.4333,0.73,9.8,14.988845
1909-11-01,10.18,0.4367,0.745,9.895165,14.745631
1909-12-01,10.3,0.44,0.76,9.990331,14.750639
1910-01-01,10.08,0.4425,0.7575,9.895165,14.547885
1910-02-01,9.72,0.445,0.755,9.895165,14.002038
1910-03-01,9.96,0.4475,0.7525,10.085415,14.050007
1910-04-01,9.72,0.45,0.75,10.18058,13.559884
1910-05-01,9.56,0.4525,0.7475,9.990331,13.568792
1910-06-01,9.1,0.455,0.745,9.895165,13.019657
1910-07-01,8.64,0.4575,0.7425,9.895165,12.342581
1910-08-01,8.85,0.46,0.74,9.8,12.745055
1910-09-01,8.91,0.4625,0.7375,9.704835,12.937161
1910-10-01,9.32,0.465,0.735,9.41942,13.918867
1910-11-01,9.31,0.4675,0.7325,9.229089,14.164523
1910-12-01,9.05,0.47,0.73,9.229089,13.741478
1911-01-01,9.27,0.47,0.7183,9.229089,14.049215
1911-02-01,9.43,0.47,0.7067,8.943674,14.721488
1911-03-01,9.32,0.47,0.695,9.038839,14.370624
1911-04-01,9.28,0.47,0.6833,8.753425,14.752935
1911-05-01,9.48,0.47,0.6717,8.753425,15.047661
1911-06-01,9.67,0.47,0.66,8.753425,15.328356
1911-07-01,9.63,0.47,0.6483,8.848509,15.083111
1911-08-01,9.17,0.47,0.6367,9.134005,13.899791
1911-09-01,8.67,0.47,0.625,9.229089,12.997954
1911-10-01,8.72,0.47,0.6133,9.229089,13.066473
1911-11-01,9.07,0.47,0.6017,9.134005,13.727998
1911-12-01,9.11,0.47,0.59,9.038839,13.929258
1912-01-01,9.12,0.4708,0.5992,9.134005,13.794952
1912-02-01,9.04,0.4717,0.6083,9.229089,13.531634
1912-03-01,9.3,0.4725,0.6175,9.41942,13.63977
1912-04-01,9.59,0.4733,0.6267,9.704835,13.654392
1912-05-01,9.58,0.4742,0.6358,9.704835,13.645501
1912-06-01,9.58,0.475,0.645,9.60967,13.785418
1912-07-01,9.59,0.4758,0.6542,9.60967,13.802876
1912-08-01,9.81,0.4767,0.6633,9.704835,13.984762
1912-09-01,9.86,0.4775,0.6725,9.8,13.926285
1912-10-01,9.84,0.4783,0.6817,9.8,13.905092
1912-11-01,9.73,0.4792,0.6908,9.8,13.749541
1912-12-01,9.38,0.48,0.7,9.704835,13.388999
1913-01-01,9.3,0.48,0.6942,9.8,13.148088
1913-02-01,8.97,0.48,0.6883,9.8,12.6829605
1913-03-01,8.8,0.48,0.6825,9.8,12.443454
1913-04-01,8.79,0.48,0.6767,9.8,12.433067
1913-05-01,8.55,0.48,0.6708,9.7,12.221401
1913-06-01,8.12,0.48,0.665,9.8,11.491962
1913-07-01,8.23,0.48,0.6592,9.9,11.534022
1913-08-01,8.45,0.48,0.6533,9.9,11.846841
1913-09-01,8.53,0.48,0.6475,10.0,11.843317
1913-10-01,8.26,0.48,0.6417,10.0,11.47149
1913-11-01,8.05,0.48,0.6358,10.1,11.072537
1913-12-01,8.04,0.48,0.63,10.0,11.174041
1914-01-01,8.37,0.475,0.6208,10.0,11.636092
1914-02-01,8.48,0.47,0.6117,9.9,11.9102335
1914-03-01,8.32,0.465,0.6025,9.9,11.685526
1914-04-01,8.12,0.46,0.5933,9.8,11.522662
1914-05-01,8.17,0.455,0.5842,9.9,11.479009
1914-06-01,8.13,0.45,0.575,9.9,11.428715
1914-07-01,7.68,0.445,0.5658,10.0,10.694345
1914-08-01,7.68,0.44,0.5567,10.2,10.492046
1914-09-01,7.68,0.435,0.5475,10.2,10.500497
1914-10-01,7.68,0.43,0.5383,10.1,10.61276
1914-11-01,7.68,0.425,0.5292,10.2,10.516917
1914-12-01,7.35,0.42,0.52,10.1,10.172218
1915-01-01,7.48,0.4208,0.55,10.1,10.359835
1915-02-01,7.38,0.4217,0.58,10.0,10.329786
1915-03-01,7.57,0.4225,0.61,9.9,10.707013
1915-04-01,8.14,0.4233,0.64,10.0,11.401124
1915-05-01,7.95,0.4242,0.67,10.1,11.02693
1915-06-01,8.04,0.425,0.7,10.1,11.154263
1915-07-01,8.01,0.4258,0.73,10.1,11.113629
1915-08-01,8.35,0.4267,0.76,10.1,11.584831
1915-09-01,8.66,0.4275,0.79,10.1,12.011571
1915-10-01,9.14,0.4283,0.82,10.2,12.549076
1915-11-01,9.46,0.4292,0.85,10.3,12.857715
1915-12-01,9.48,0.43,0.88,10.3,12.878445
1916-01-01,9.33,0.4408,0.9342,10.4,12.543564
1916-02-01,9.2,0.4517,0.9883,10.4,12.354652
1916-03-01,9.17,0.4625,1.042,10.5,12.1770525
1916-04-01,9.07,0.4733,1.097,10.6,11.906482
1916-05-01,9.27,0.4842,1.151,10.7,12.026257
1916-06-01,9.36,0.495,1.205,10.8,11.995961
1916-07-01,9.23,0.5058,1.259,10.8,11.791165
1916-08-01,9.3,0.5167,1.313,10.9,11.732082
1916-09-01,9.68,0.5275,1.368,11.1,11.944552
1916-10-01,9.98,0.5383,1.422,11.3,12.045742
1916-11-01,10.21,0.5492,1.476,11.5,12.05323
1916-12-01,9.8,0.56,1.53,11.6,11.413559
1917-01-01,9.57,0.5708,1.509,11.7,10.992361
1917-02-01,9.03,0.5817,1.488,12.0,10.063188
1917-03-01,9.31,0.5925,1.468,12.0,10.327157
1917-04-01,9.17,0.6033,1.447,12.6,9.644531
1917-05-01,8.86,0.6142,1.426,12.8,9.1389885
1917-06-01,9.04,0.625,1.405,13.0,9.14822
1917-07-01,8.79,0.6358,1.384,12.8,9.003472
1917-08-01,8.53,0.6467,1.363,13.0,8.57268
1917-09-01,8.12,0.6575,1.343,13.3,7.9508233
1917-10-01,7.68,0.6683,1.322,13.5,7.3871336
1917-11-01,7.04,0.6792,1.301,13.5,6.7530136
1917-12-01,6.8,0.69,1.28,13.7,6.412594
1918-01-01,7.21,0.68,1.256,14.0,6.640646
1918-02-01,7.43,0.67,1.232,14.1,6.7843437
1918-03-01,7.28,0.66,1.208,14.0,6.6863556
1918-04-01,7.21,0.65,1.183,14.2,6.5207276
1918-05-01,7.44,0.64,1.159,14.5,6.582363
1918-06-01,7.45,0.63,1.135,14.7,6.496291
1918-07-01,7.51,0.62,1.111,15.1,6.371324
1918-08-01,7.58,0.61,1.087,15.4,6.303074
1918-09-01,7.54,0.6,1.063,15.7,6.1491704
1918-10-01,7.86,0.59,1.038,16.0,6.2905154
1918-11-01,8.06,0.58,1.014,16.3,6.3333273
1918-12-01,7.9,0.57,0.99,16.5,6.1345806
1919-01-01,7.85,0.5667,0.985,16.5,6.098468
1919-02-01,7.88,0.5633,0.98,16.2,6.2396927
1919-03-01,8.12,0.56,0.975,16.4,6.356074
1919-04-01,8.39,0.5567,0.97,16.7,6.4561396
1919-05-01,8.97,0.5533,0.965,16.9,6.8290024
1919-06-01,9.21,0.55,0.96,16.9,7.021615
1919-07-01,9.51,0.5467,0.955,17.4,7.0528374
1919-08-01,8.87,0.5433,0.95,17.7,6.479131
1919-09-01,9.01,0.54,0.945,17.8,6.5584817
1919-10-01,9.47,0.5367,0.94,18.1,6.7947044
1919-11-01,9.19,0.5333,0.935,18.5,6.4670224
1919-12-01,8.92,0.53,0.93,18.9,6.160717
1920-01-01,8.83,0.5283,0.9192,19.3,5.989668
1920-02-01,8.1,0.5267,0.9083,19.5,5.4553475
1920-03-01,8.67,0.525,0.8975,19.7,5.798823
1920-04-01,8.6,0.5233,0.8867,20.3,5.5998588
1920-05-01,8.06,0.5217,0.8758,20.6,5.1889505
1920-06-01,7.92,0.52,0.865,20.9,5.0436397
1920-07-01,7.91,0.5183,0.8542,20.8,5.080593
1920-08-01,7.6,0.5167,0.8433,20.3,5.020701
1920-09-01,7.87,0.515,0.8325,20.0,5.2971625
1920-10-01,7.88,0.5133,0.8217,19.9,5.351177
1920-11-01,7.48,0.5117,0.8108,19.8,5.126408
1920-12-01,6.81,0.51,0.8,19.4,4.784241
1921-01-01,7.11,0.5058,0.7575,19.0,5.1221843
1921-02-01,7.06,0.5017,0.715,18.4,5.274857
1921-03-01,6.88,0.4975,0.6725,18.3,5.192348
1921-04-01,6.91,0.4933,0.63,18.1,5.297086
1921-05-01,7.12,0.4892,0.5875,17.7,5.6094694
1921-06-01,6.55,0.485,0.545,17.6,5.216111
1921-07-01,6.53,0.4808,0.5025,17.7,5.197779
1921-08-01,6.45,0.4767,0.46,17.7,5.161295
1921-09-01,6.61,0.4725,0.4175,17.5,5.3775244
1921-10-01,6.7,0.4683,0.375,17.5,5.4792576
1921-11-01,7.06,0.4642,0.3325,17.4,5.838197
1921-12-01,7.31,0.46,0.29,17.3,6.1141586
1922-01-01,7.3,0.4642,0.3233,16.9,6.2870874
1922-02-01,7.46,0.4683,0.3567,16.9,6.461306
1922-03-01,7.74,0.4725,0.39,16.7,6.8213873
1922-04-01,8.21,0.4767,0.4233,16.7,7.2732534
1922-05-01,8.53,0.4808,0.4567,16.7,7.593467
1922-06-01,8.45,0.485,0.49,16.7,7.557987
1922-07-01,8.51,0.4892,0.5233,16.8,7.602095
1922-08-01,8.83,0.4933,0.5567,16.6,8.020031
1922-09-01,9.06,0.4975,0.59,16.6,8.265083
1922-10-01,9.26,0.5017,0.6233,16.7,8.432152
1922-11-01,8.8,0.5058,0.6567,16.8,7.998254
1922-12-01,8.78,0.51,0.69,16.9,7.9646797
1923-01-01,8.9,0.5117,0.7142,16.8,8.154201
1923-02-01,9.28,0.5133,0.7383,16.8,8.5333605
1923-03-01,9.43,0.515,0.7625,16.8,8.700738
1923-04-01,9.1,0.5167,0.7867,16.9,8.372809
1923-05-01,8.67,0.5183,0.8108,16.9,8.000498
1923-06-01,8.34,0.52,0.835,17.0,7.6718254
1923-07-01,8.06,0.5217,0.8592,17.2,7.345985
1923-08-01,8.1,0.5233,0.8833,17.1,7.441783
1923-09-01,8.15,0.525,0.9075,17.2,7.458184
1923-10-01,8.03,0.5267,0.9317,17.3,7.3174005
1923-11-01,8.27,0.5283,0.9558,17.3,7.546328
1923-12-01,8.55,0.53,0.98,17.3,7.809739
1924-01-01,8.83,0.5317,0.9758,17.3,8.072249
1924-02-01,8.87,0.5333,0.9717,17.2,8.162066
1924-03-01,8.7,0.535,0.9675,17.1,8.058077
1924-04-01,8.5,0.5367,0.9633,17.0,7.92362
1924-05-01,8.47,0.5383,0.9592,17.0,7.8996983
1924-06-01,8.63,0.54,0.955,17.0,8.051677
1924-07-01,9.03,0.5417,0.9508,17.1,8.377712
1924-08-01,9.34,0.5433,0.9467,17.0,8.717419
1924-09-01,9.25,0.545,0.9425,17.1,8.581671
1924-10-01,9.13,0.5467,0.9383,17.2,8.419491
1924-11-01,9.64,0.5483,0.9342,17.2,8.888328
1924-12-01,10.16,0.55,0.93,17.3,9.310639
1925-01-01,10.58,0.5542,0.9567,17.3,9.692619
1925-02-01,10.67,0.5583,0.9833,17.2,9.830805
1925-03-01,10.39,0.5625,1.01,17.3,9.5185375
1925-04-01,10.28,0.5667,1.037,17.2,9.476566
1925-05-01,10.61,0.5708,1.063,17.3,9.729008
1925-06-01,10.8,0.575,1.09,17.5,9.796386
1925-07-01,11.1,0.5792,1.117,17.7,9.963994
1925-08-01,11.25,0.5833,1.143,17.7,10.110918
1925-09-01,11.51,0.5875,1.17,17.7,10.359247
1925-10-01,11.89,0.5917,1.197,17.7,10.718496
1925-11-01,12.26,0.5958,1.223,18.0,10.886317
1925-12-01,12.46,0.6,1.25,17.9,11.147366
1926-01-01,12.65,0.6075,1.249,17.9,11.340966
1926-02-01,12.67,0.615,1.248,17.9,11.389436
1926-03-01,11.81,0.6225,1.248,17.8,10.712352
1926-04-01,11.48,0.63,1.247,17.9,10.395588
1926-05-01,11.56,0.6375,1.246,17.8,10.575158
1926-06-01,12.11,0.645,1.245,17.7,11.19798
1926-07-01,12.62,0.6525,1.244,17.5,11.869694
1926-08-01,13.12,0.66,1.243,17.4,12.488809
1926-09-01,13.32,0.6675,1.242,17.5,12.692615
1926-10-01,13.02,0.675,1.242,17.6,12.4265175
1926-11-01,13.19,0.6825,1.241,17.7,12.615252
1926-12-01,13.49,0.69,1.24,17.7,13.009052
1927-01-01,13.4,0.6967,1.229,17.5,13.18593
1927-02-01,13.66,0.7033,1.218,17.4,13.633966
1927-03-01,13.87,0.71,1.208,17.3,14.0332575
1927-04-01,14.21,0.7167,1.197,17.3,14.488222
1927-05-01,14.7,0.7233,1.186,17.4,15.002347
1927-06-01,14.89,0.73,1.175,17.6,15.120334
1927-07-01,15.22,0.7367,1.164,17.3,15.820803
1927-08-01,16.03,0.7433,1.153,17.2,16.862862
1927-09-01,16.94,0.75,1.143,17.3,17.818724
1927-10-01,16.68,0.7567,1.132,17.4,17.537237
1927-11-01,17.06,0.7633,1.121,17.3,18.131302
1927-12-01,17.46,0.77,1.11,17.3,18.646624
1928-01-01,17.53,0.7767,1.133,17.3,18.80613
1928-02-01,17.32,0.7833,1.155,17.1,18.86885
1928-03-01,18.25,0.79,1.177,17.1,19.943419
1928-04-01,19.4,0.7967,1.2,17.1,21.25791
1928-05-01,20.0,0.8033,1.222,17.2,21.832731
1928-06-01,19.02,0.81,1.245,17.1,20.913422
1928-07-01,19.16,0.8167,1.268,17.1,21.081905
1928-08-01,19.78,0.8233,1.29,17.1,21.76213
1928-09-01,21.17,0.83,1.312,17.3,23.00465
1928-10-01,21.6,0.8367,1.335,17.2,23.578344
1928-11-01,23.06,0.8433,1.357,17.2,25.121984
1928-12-01,23.15,0.85,1.38,17.1,25.301592
1929-01-01,24.86,0.86,1.399,17.1,27.0832
1929-02-01,24.99,0.87,1.418,17.1,27.131672
1929-03-01,25.43,0.88,1.438,17.0,27.675749
1929-04-01,25.28,0.89,1.457,16.9,27.568455
1929-05-01,25.66,0.9,1.476,17.0,27.698587
1929-06-01,26.15,0.91,1.495,17.1,27.935469
1929-07-01,28.48,0.92,1.514,17.3,29.933289
1929-08-01,30.1,0.93,1.533,17.3,31.480312
1929-09-01,31.3,0.94,1.552,17.3,32.56379
1929-10-01,27.99,0.95,1.572,17.3,28.961067
1929-11-01,20.58,0.96,1.591,17.3,21.171036
1929-12-01,21.4,0.97,1.61,17.2,22.007374
1930-01-01,21.71,0.9708,1.557,17.1,22.310724
1930-02-01,23.07,0.9717,1.503,17.0,23.697117
1930-03-01,23.94,0.9725,1.45,16.9,24.586607
1930-04-01,25.46,0.9733,1.397,17.0,25.843437
1930-05-01,23.94,0.9742,1.343,16.9,24.309761
1930-06-01,21.52,0.975,1.29,16.8,21.8669
1930-07-01,21.06,0.9758,1.237,16.6,21.548798
1930-08-01,20.79,0.9767,1.183,16.5,21.300602
1930-09-01,20.78,0.9775,1.13,16.6,21.072582
1930-10-01,17.92,0.9783,1.077,16.5,18.21487
1930-11-01,16.62,0.9792,1.023,16.4,16.93971
1930-12-01,15.51,0.98,0.97,16.1,16.055002
1931-01-01,15.98,0.9667,0.94,15.9,16.705479
1931-02-01,17.2,0.9533,0.91,15.7,18.161493
1931-03-01,17.53,0.94,0.88,15.6,18.579561
1931-04-01,15.86,0.9267,0.85,15.5,16.872314
1931-05-01,14.33,0.9133,0.82,15.3,15.40154
1931-06-01,13.87,0.9,0.79,15.1,15.062476
1931-07-01,14.33,0.8867,0.76,15.1,15.51675
1931-08-01,13.9,0.8733,0.73,15.1,15.006276
1931-09-01,11.83,0.86,0.7,15.0,12.817745
1931-10-01,10.25,0.8467,0.67,14.9,11.145926
1931-11-01,10.39,0.8333,0.64,14.7,11.4156
1931-12-01,8.44,0.82,0.61,14.6,9.306033
1932-01-01,8.3,0.7933,0.5933,14.3,9.312407
1932-02-01,8.23,0.7667,0.5767,14.1,9.336932
1932-03-01,8.26,0.74,0.56,14.0,9.413065
1932-04-01,6.28,0.7133,0.5433,13.9,7.192233
1932-05-01,5.51,0.6867,0.5267,13.7,6.390857
1932-06-01,4.77,0.66,0.51,13.6,5.565059
1932-07-01,5.01,0.6333,0.4933,13.6,5.8387637
1932-08-01,7.53,0.6067,0.4767,13.5,8.834653
1932-09-01,8.26,0.58,0.46,13.4,9.7611685
1932-10-01,7.12,0.5533,0.4433,13.3,8.478606
1932-11-01,7.05,0.5267,0.4267,13.2,8.463309
1932-12-01,6.82,0.5,0.41,13.1,8.257074
1933-01-01,7.09,0.495,0.4125,12.9,8.728046
1933-02-01,6.25,0.49,0.415,12.7,7.8260517
1933-03-01,6.23,0.485,0.4175,12.6,7.8746815
1933-04-01,6.89,0.48,0.42,12.6,8.723102
1933-05-01,8.87,0.475,0.4225,12.6,11.249651
1933-06-01,10.39,0.47,0.425,12.7,13.098875
1933-07-01,11.23,0.465,0.4275,13.1,13.754305
1933-08-01,10.67,0.46,0.43,13.2,12.999527
1933-09-01,10.58,0.455,0.4325,13.2,12.92292
1933-10-01,9.55,0.45,0.435,13.2,11.696254
1933-11-01,9.78,0.445,0.4375,13.2,12.011766
1933-12-01,9.97,0.44,0.44,13.2,12.281801
1934-01-01,10.54,0.4408,0.4442,13.2,13.02512
1934-02-01,11.32,0.4417,0.4483,13.3,13.926923
1934-03-01,10.74,0.4425,0.4525,13.3,13.254538
1934-04-01,10.92,0.4433,0.4567,13.3,13.51839
1934-05-01,9.81,0.4442,0.4608,13.3,12.181583
1934-06-01,9.94,0.445,0.465,13.4,12.287726
1934-07-01,9.47,0.4458,0.4692,13.4,11.741525
1934-08-01,9.1,0.4467,0.4733,13.4,11.315026
1934-09-01,8.88,0.4475,0.4775,13.6,10.909954
1934-10-01,8.95,0.4483,0.4817,13.5,11.108353
1934-11-01,9.2,0.4492,0.4858,13.5,11.448809
1934-12-01,9.26,0.45,0.49,13.4,11.639338
1935-01-01,9.26,0.45,0.57,13.6,11.495908
1935-02-01,8.98,0.45,0.65,13.7,11.087812
1935-03-01,8.41,0.45,0.73,13.7,10.3982725
1935-04-01,9.04,0.446667,0.756667,13.8,11.10421
1935-05-01,9.75,0.443333,0.783333,13.8,11.985577
1935-06-01,10.12,0.44,0.81,13.7,12.539519
1935-07-01,10.65,0.44,0.793333,13.7,13.202138
1935-08-01,11.37,0.44,0.776667,13.7,14.105057
1935-09-01,11.61,0.44,0.76,13.7,14.418892
1935-10-01,11.92,0.45,0.76,13.7,14.826233
1935-11-01,13.04,0.46,0.76,13.8,16.129604
1935-12-01,13.04,0.47,0.76,13.8,16.159193
1936-01-01,13.76,0.48,0.77,13.8,17.08736
1936-02-01,14.55,0.49,0.78,13.8,18.104536
1936-03-01,14.86,0.5,0.79,13.7,18.660479
1936-04-01,14.88,0.516667,0.82,13.7,18.719
1936-05-01,14.09,0.533333,0.85,13.7,17.750193
1936-06-01,14.69,0.55,0.88,13.8,18.393002
1936-07-01,15.56,0.57,0.9,13.9,19.360464
1936-08-01,15.87,0.59,0.92,14.0,19.62306
1936-09-01,16.05,0.61,0.94,14.0,19.862024
1936-10-01,16.89,0.646667,0.966667,14.0,20.913092
1936-11-01,17.36,0.683333,0.993333,14.0,21.499765
1936-12-01,17.06,0.72,1.02,14.0,21.125664
1937-01-01,17.59,0.73,1.05,14.1,21.618742
1937-02-01,18.11,0.74,1.08,14.1,22.24422
1937-03-01,18.09,0.75,1.11,14.2,22.042196
1937-04-01,17.01,0.78,1.13,14.3,20.55658
1937-05-01,16.25,0.81,1.15,14.4,19.474174
1937-06-01,15.64,0.84,1.17,14.4,18.71166
1937-07-01,16.57,0.816667,1.18667,14.5,19.646723
1937-08-01,16.74,0.793333,1.20333,14.5,19.806982
1937-09-01,14.37,0.77,1.22,14.6,16.847883
1937-10-01,12.28,0.78,1.19,14.6,14.36166
1937-11-01,11.2,0.79,1.16,14.5,13.158119
1937-12-01,11.02,0.8,1.13,14.4,13.008483
1938-01-01,11.31,0.793333,1.07667,14.2,13.511462
1938-02-01,11.04,0.786667,1.02333,14.1,13.263076
1938-03-01,10.31,0.78,0.97,14.1,12.377286
1938-04-01,9.89,0.766667,0.903333,14.2,11.789517
1938-05-01,9.98,0.753333,0.836667,14.1,11.992276
1938-06-01,10.21,0.74,0.77,14.1,12.288966
1938-07-01,12.24,0.713333,0.72,14.1,14.770328
1938-08-01,12.31,0.686667,0.67,14.1,14.903588
1938-09-01,11.75,0.66,0.62,14.1,14.2823305
1938-10-01,13.06,0.61,0.626667,14.0,16.061148
1938-11-01,13.07,0.56,0.633333,14.0,16.149572
1938-12-01,12.69,0.51,0.64,14.0,15.756484
1939-01-01,12.5,0.513333,0.663333,14.0,15.599634
1939-02-01,12.4,0.516667,0.686667,13.9,15.664697
1939-03-01,12.39,0.52,0.71,13.9,15.729224
1939-04-01,10.83,0.523333,0.726667,13.8,13.916995
1939-05-01,11.23,0.526667,0.743333,13.8,14.50293
1939-06-01,11.43,0.53,0.76,13.8,14.833829
1939-07-01,11.71,0.54,0.776667,13.8,15.270952
1939-08-01,11.54,0.55,0.793333,13.8,15.120082
1939-09-01,12.77,0.56,0.81,14.1,16.452835
1939-10-01,12.9,0.58,0.84,14.0,16.821205
1939-11-01,12.67,0.6,0.87,14.0,16.59924
1939-12-01,12.37,0.62,0.9,14.0,16.280413
1940-01-01,12.3,0.623333,0.93,13.9,16.37848
1940-02-01,12.22,0.626667,0.96,14.0,16.21612
1940-03-01,12.15,0.63,0.99,14.0,16.172907
1940-04-01,12.27,0.636667,1.00667,14.0,16.370989
1940-05-01,10.58,0.643333,1.02333,14.0,14.138748
1940-06-01,9.67,0.65,1.04,14.1,12.843765
1940-07-01,9.99,0.656667,1.05333,14.0,13.3698845
1940-08-01,10.2,0.663333,1.06667,14.0,13.6494
1940-09-01,10.63,0.67,1.08,14.0,14.214843
1940-10-01,10.73,0.67,1.07,14.0,14.32829
1940-11-01,10.98,0.67,1.06,14.0,14.636689
1940-12-01,10.53,0.67,1.05,14.1,13.908426
1941-01-01,10.55,0.673333,1.05333,14.1,13.904159
1941-02-01,9.89,0.676667,1.05667,14.1,13.002943
1941-03-01,9.95,0.68,1.06,14.2,12.95572
1941-04-01,9.64,0.683333,1.07,14.3,12.42937
1941-05-01,9.43,0.686667,1.08,14.4,12.037207
1941-06-01,9.76,0.69,1.09,14.7,12.164307
1941-07-01,10.26,0.693333,1.12333,14.7,12.744996
1941-08-01,10.21,0.696667,1.15667,14.9,12.463174
1941-09-01,10.24,0.7,1.19,15.1,12.279729
1941-10-01,9.83,0.703333,1.18,15.3,11.577815
1941-11-01,9.37,0.706667,1.17,15.4,10.911669
1941-12-01,8.76,0.71,1.16,15.5,10.086594
1942-01-01,8.93,0.703333,1.12,15.7,10.1016865
1942-02-01,8.65,0.696667,1.08,15.8,9.680256
1942-03-01,8.18,0.69,1.04,16.0,9.003427
1942-04-01,7.84,0.68,1.02,16.1,8.544255
1942-05-01,7.93,0.67,1.0,16.3,8.506116
1942-06-01,8.33,0.66,0.98,16.3,8.905457
1942-07-01,8.64,0.646667,0.966667,16.4,9.150489
1942-08-01,8.59,0.633333,0.953333,16.5,9.012823
1942-09-01,8.68,0.62,0.94,16.5,9.07783
1942-10-01,9.32,0.61,0.97,16.7,9.599176
1942-11-01,9.47,0.6,1.0,16.8,9.661334
1942-12-01,9.52,0.59,1.03,16.9,9.617514
1943-01-01,10.09,0.59,1.04333,16.9,10.150535
1943-02-01,10.69,0.59,1.05667,16.9,10.708983
1943-03-01,11.07,0.59,1.07,17.2,10.850542
1943-04-01,11.44,0.59,1.08,17.4,11.0392275
1943-05-01,11.89,0.59,1.09,17.5,11.362216
1943-06-01,12.1,0.59,1.1,17.5,11.516745
1943-07-01,12.35,0.593333,1.09333,17.4,11.774214
1943-08-01,11.74,0.596667,1.08667,17.3,11.210546
1943-09-01,11.99,0.6,1.08,17.4,11.336282
1943-10-01,11.88,0.603333,1.03333,17.4,11.187336
1943-11-01,11.33,0.606667,0.986667,17.4,10.631034
1943-12-01,11.48,0.61,0.94,17.4,10.73736
1944-01-01,11.85,0.613333,0.936667,17.4,11.052413
1944-02-01,11.77,0.616667,0.933333,17.4,10.947919
1944-03-01,12.1,0.62,0.93,17.4,11.224693
1944-04-01,11.89,0.623333,0.926667,17.5,10.938275
1944-05-01,12.1,0.626667,0.923333,17.5,11.103737
1944-06-01,12.67,0.63,0.92,17.6,11.532785
1944-07-01,13.0,0.633333,0.913333,17.7,11.738774
1944-08-01,12.81,0.636667,0.906667,17.7,11.541712
1944-09-01,12.6,0.64,0.9,17.7,11.328561
1944-10-01,12.91,0.64,0.91,17.7,11.583105
1944-11-01,12.82,0.64,0.92,17.7,11.478459
1944-12-01,13.1,0.64,0.93,17.8,11.638683
1945-01-01,13.49,0.643333,0.94,17.8,11.960464
1945-02-01,13.94,0.646667,0.95,17.8,12.341754
1945-03-01,13.93,0.65,0.96,17.8,12.32331
1945-04-01,14.28,0.65,0.973333,17.8,12.631867
1945-05-01,14.82,0.65,0.986667,17.9,13.036561
1945-06-01,15.09,0.65,1.0,18.1,13.130223
1945-07-01,14.78,0.653333,0.996667,18.1,12.867028
1945-08-01,14.83,0.656667,0.993333,18.1,12.915379
1945-09-01,15.84,0.66,0.99,18.1,13.7982645
1945-10-01,16.5,0.66,0.98,18.1,14.374662
1945-11-01,17.04,0.66,0.97,18.1,14.847703
1945-12-01,17.33,0.66,0.96,18.2,15.020348
1946-01-01,18.02,0.666667,0.94,18.2,15.623163
1946-02-01,18.07,0.673333,0.92,18.1,15.761666
1946-03-01,17.53,0.68,0.9,18.3,15.134873
1946-04-01,18.66,0.68,0.88,18.4,16.040842
1946-05-01,18.7,0.68,0.86,18.5,16.013723
1946-06-01,18.58,0.68,0.84,18.7,15.773187
1946-07-01,18.05,0.683333,0.856667,19.8,14.508136
1946-08-01,17.7,0.686667,0.873333,20.2,13.98494
1946-09-01,15.09,0.69,0.89,20.4,11.841268
1946-10-01,14.75,0.696667,0.946667,20.8,11.387603
1946-11-01,14.69,0.703333,1.00333,21.3,11.110044
1946-12-01,15.13,0.71,1.06,21.5,11.37278
1947-01-01,15.21,0.713333,1.13,21.5,11.469296
1947-02-01,15.8,0.716667,1.2,21.5,11.949565
1947-03-01,15.16,0.72,1.27,21.9,11.287903
1947-04-01,14.6,0.733333,1.32667,21.9,10.9008255
1947-05-01,14.34,0.746667,1.38333,21.9,10.733674
1947-06-01,14.84,0.76,1.44,22.0,11.082716
1947-07-01,15.77,0.77,1.47667,22.2,11.696446
1947-08-01,15.46,0.78,1.51333,22.5,11.337472
1947-09-01,15.06,0.79,1.55,23.0,10.827463
1947-10-01,15.45,0.806667,1.57,23.0,11.132662
1947-11-01,15.27,0.823333,1.59,23.1,10.975408
1947-12-01,15.03,0.84,1.61,23.4,10.680913
1948-01-01,14.83,0.843333,1.64333,23.7,10.419343
1948-02-01,14.1,0.846667,1.67667,23.5,9.999762
1948-03-01,14.3,0.85,1.71,23.4,10.186681
1948-04-01,15.4,0.85,1.76,23.8,10.779485
1948-05-01,16.15,0.85,1.81,23.9,11.241033
1948-06-01,16.82,0.85,1.86,24.1,11.583896
1948-07-01,16.42,0.856667,1.93,24.4,11.134622
1948-08-01,15.94,0.863333,2.0,24.5,10.7235565
1948-09-01,15.76,0.87,2.07,24.5,10.553014
1948-10-01,16.19,0.89,2.14333,24.4,10.82541
1948-11-01,15.29,0.91,2.21667,24.2,10.248096
1948-12-01,15.19,0.93,2.29,24.1,10.159653
1949-01-01,15.36,0.946667,2.32,24.0,10.248285
1949-02-01,14.77,0.963333,2.35,23.8,9.872518
1949-03-01,14.91,0.98,2.38,23.8,9.901333
1949-04-01,14.89,0.993333,2.38667,23.9,9.78364
1949-05-01,14.78,1.00667,2.39333,23.8,9.692295
1949-06-01,13.97,1.02,2.4,23.9,9.0677185
1949-07-01,14.76,1.02667,2.39667,23.7,9.605038
1949-08-01,15.29,1.03333,2.39333,23.8,9.851349
1949-09-01,15.49,1.04,2.39,23.9,9.884048
1949-10-01,15.89,1.07333,2.36667,23.7,10.169851
1949-11-01,16.11,1.10667,2.34333,23.8,10.215861
1949-12-01,16.54,1.14,2.32,23.6,10.529331
1950-01-01,16.88,1.15,2.33667,23.5,10.745733
1950-02-01,17.21,1.16,2.35333,23.5,10.911564
1950-03-01,17.35,1.17,2.37,23.6,10.910947
1950-04-01,17.84,1.18,2.42667,23.6,11.178021
1950-05-01,18.44,1.19,2.48333,23.7,11.461543
1950-06-01,18.74,1.2,2.54,23.8,11.554126
1950-07-01,17.38,1.24333,2.6,24.1,10.539745
1950-08-01,18.43,1.28667,2.66,24.3,11.040611
1950-09-01,19.08,1.33,2.72,24.4,11.337391
1950-10-01,19.87,1.37667,2.76,24.6,11.662444
1950-11-01,19.83,1.42333,2.8,24.7,11.542173
1950-12-01,19.75,1.47,2.84,25.0,11.306665
1951-01-01,21.21,1.48667,2.83667,25.4,11.89576
1951-02-01,22.0,1.50333,2.83333,25.7,12.141507
1951-03-01,21.63,1.52,2.83,25.8,11.841626
1951-04-01,21.92,1.53333,2.79333,25.8,11.9510975
1951-05-01,21.93,1.54667,2.75667,25.9,11.863875
1951-06-01,21.55,1.56,2.72,25.9,11.6156645
1951-07-01,21.93,1.54667,2.65,25.9,11.77819
1951-08-01,22.89,1.53333,2.58,25.9,12.2569895
1951-09-01,23.48,1.52,2.51,26.1,12.444953
1951-10-01,23.36,1.48333,2.48667,26.2,12.309458
1951-11-01,22.71,1.44667,2.46333,26.4,11.852031
1951-12-01,23.41,1.41,2.44,26.5,12.147073
1952-01-01,24.19,1.41333,2.42667,26.5,12.52706
1952-02-01,23.75,1.41667,2.41333,26.3,12.36412
1952-03-01,23.81,1.42,2.4,26.3,12.362339
1952-04-01,23.74,1.43,2.38,26.4,12.242728
1952-05-01,23.73,1.44,2.36,26.4,12.200479
1952-06-01,24.38,1.45,2.34,26.5,12.447882
1952-07-01,25.08,1.45,2.34667,26.7,12.669113
1952-08-01,25.18,1.45,2.35333,26.7,12.678378
1952-09-01,24.78,1.45,2.36,26.7,12.434678
1952-10-01,24.26,1.43667,2.37333,26.7,12.131184
1952-11-01,25.03,1.42333,2.38667,26.7,12.47347
1952-12-01,26.04,1.41,2.4,26.7,12.933965
1953-01-01,26.18,1.41,2.41,26.6,13.010774
1953-02-01,25.86,1.41,2.42,26.5,12.859347
1953-03-01,25.99,1.41,2.43,26.6,12.83482
1953-04-01,24.71,1.41333,2.45667,26.6,12.163901
1953-05-01,24.84,1.41667,2.48333,26.7,12.141971
1953-06-01,23.95,1.42,2.51,26.8,11.624408
1953-07-01,24.29,1.42,2.52333,26.8,11.750201
1953-08-01,24.39,1.42,2.53667,26.9,11.715076
1953-09-01,23.27,1.42,2.55,26.9,11.139349
1953-10-01,23.97,1.43,2.53667,27.0,11.391934
1953-11-01,24.5,1.44,2.52333,26.9,11.644071
1953-12-01,24.83,1.45,2.51,26.9,11.754449
1954-01-01,25.46,1.45667,2.52333,26.9,12.00265
1954-02-01,26.02,1.46333,2.53667,26.9,12.215053
1954-03-01,26.57,1.47,2.55,26.9,12.420105
1954-04-01,27.63,1.46333,2.57333,26.8,12.907868
1954-05-01,28.73,1.45667,2.59667,26.9,13.312042
1954-06-01,28.96,1.45,2.62,26.9,13.357886
1954-07-01,30.13,1.45667,2.62333,26.9,13.83301
1954-08-01,30.73,1.46333,2.62667,26.9,14.042112
1954-09-01,31.45,1.47,2.63,26.8,14.356474
1954-10-01,32.18,1.49333,2.67667,26.8,14.619232
1954-11-01,33.44,1.51667,2.72333,26.8,15.1173115
1954-12-01,34.97,1.54,2.77,26.7,15.789062
1955-01-01,35.6,1.54667,2.83333,26.7,15.990781
1955-02-01,36.79,1.55333,2.89667,26.7,16.437729
1955-03-01,36.5,1.56,2.96,26.7,16.219282
1955-04-01,37.76,1.56333,3.04667,26.7,16.685266
1955-05-01,37.6,1.56667,3.13333,26.7,16.518059
1955-06-01,39.78,1.57,3.22,26.7,17.370092
1955-07-01,42.69,1.58667,3.29333,26.8,18.454031
1955-08-01,42.43,1.60333,3.36667,26.8,18.222326
1955-09-01,44.34,1.62,3.44,26.9,18.84396
1955-10-01,42.11,1.62667,3.5,26.9,17.772326
1955-11-01,44.95,1.63333,3.56,26.9,18.83556
1955-12-01,45.37,1.64,3.62,26.8,18.94237
1956-01-01,44.15,1.67,3.64333,26.8,18.292585
1956-02-01,44.43,1.7,3.66667,26.8,18.266117
1956-03-01,47.49,1.73,3.69,26.8,19.37121
1956-04-01,48.05,1.75333,3.66,26.9,19.370594
1956-05-01,46.54,1.77667,3.63,27.0,18.544506
1956-06-01,46.27,1.8,3.6,27.2,18.158163
1956-07-01,48.78,1.81333,3.55333,27.4,18.856798
1956-08-01,48.49,1.82667,3.50667,27.3,18.670937
1956-09-01,46.84,1.84,3.46,27.4,17.836641
1956-10-01,46.24,1.80667,3.44333,27.5,17.418953
1956-11-01,45.76,1.77333,3.42667,27.5,17.12034
1956-12-01,46.44,1.74,3.41,27.6,17.197523
1957-01-01,45.43,1.73667,3.40667,27.6,16.71778
1957-02-01,43.47,1.73333,3.40333,27.7,15.843733
1957-03-01,44.03,1.73,3.4,27.8,15.900417
1957-04-01,45.05,1.73,3.40667,27.9,16.123705
1957-05-01,46.78,1.73,3.41333,28.0,16.59811
1957-06-01,47.55,1.73,3.42,28.1,16.72992
1957-07-01,48.51,1.74,3.43667,28.3,16.868883
1957-08-01,45.84,1.75,3.45333,28.3,15.868942
1957-09-01,43.98,1.76,3.47,28.3,15.157274
1957-10-01,41.24,1.77,3.43667,28.3,14.149451
1957-11-01,40.35,1.78,3.40333,28.4,13.736242
1957-12-01,40.33,1.79,3.37,28.4,13.673246
1958-01-01,41.12,1.78333,3.29333,28.6,13.788431
1958-02-01,41.26,1.77667,3.21667,28.6,13.784906
1958-03-01,42.11,1.77,3.14,28.8,13.92559
1958-04-01,42.34,1.75667,3.07,28.9,13.913502
1958-05-01,43.7,1.74333,3.0,28.9,14.323825
1958-06-01,44.75,1.73,2.93,28.9,14.635555
1958-07-01,45.98,1.73,2.91333,29.0,14.957458
1958-08-01,47.7,1.73,2.89667,28.9,15.544567
1958-09-01,48.96,1.73,2.88,28.9,15.931923
1958-10-01,50.95,1.73667,2.88333,28.9,16.559803
1958-11-01,52.5,1.74333,2.88667,29.0,16.988884
1958-12-01,53.49,1.75,2.89,28.9,17.358356
1959-01-01,55.62,1.75667,2.96333,29.0,17.98034
1959-02-01,54.77,1.76333,3.03667,28.9,17.759169
1959-03-01,56.16,1.77,3.11,28.9,18.200872
1959-04-01,57.1,1.77667,3.20667,29.0,18.430754
1959-05-01,57.96,1.78333,3.30333,29.0,18.692722
1959-06-01,57.46,1.79,3.4,29.1,18.448591
1959-07-01,59.74,1.79667,3.41,29.2,19.090534
1959-08-01,59.4,1.80333,3.42,29.2,18.958803
1959-09-01,57.05,1.81,3.43,29.3,18.123291
1959-10-01,57.0,1.81667,3.41667,29.4,18.021963
1959-11-01,57.23,1.82333,3.40333,29.4,18.071789
1959-12-01,59.06,1.83,3.39,29.4,18.62473
1960-01-01,58.03,1.86667,3.39,29.3,18.338285
1960-02-01,55.78,1.90333,3.39,29.4,17.545275
1960-03-01,55.02,1.94,3.39,29.4,17.28602
1960-04-01,55.73,1.94333,3.34667,29.5,17.429768
1960-05-01,55.22,1.94667,3.30333,29.5,17.25617
1960-06-01,57.26,1.95,3.26,29.6,17.823364
1960-07-01,55.84,1.95,3.26333,29.6,17.376806
1960-08-01,56.51,1.95,3.26667,29.6,17.582113
1960-09-01,54.81,1.95,3.27,29.6,17.052015
1960-10-01,53.73,1.95,3.27,29.8,16.605104
1960-11-01,55.47,1.95,3.27,29.8,17.146088
1960-12-01,56.8,1.95,3.27,29.8,17.56209
1961-01-01,59.72,1.94667,3.21,29.8,18.470417
1961-02-01,62.17,1.94333,3.15,29.8,19.234015
1961-03-01,64.12,1.94,3.09,29.8,19.844225
1961-04-01,65.83,1.94,3.07,29.8,20.382843
1961-05-01,66.5,1.94,3.05,29.8,20.598606
1961-06-01,65.62,1.94,3.03,29.8,20.332415
1961-07-01,65.44,1.94667,3.03667,30.0,20.146645
1961-08-01,67.79,1.95333,3.04333,29.9,20.941689
1961-09-01,67.26,1.96,3.05,30.0,20.705242
1961-10-01,68.0,1.98,3.09667,30.0,20.92419
1961-11-01,71.08,2.0,3.14333,30.0,21.857958
1961-12-01,71.74,2.02,3.19,30.0,22.041481
1962-01-01,69.07,2.02667,3.25,30.0,21.197931
1962-02-01,70.22,2.03333,3.31,30.1,21.451687
1962-03-01,70.29,2.04,3.37,30.1,21.44316
1962-04-01,68.05,2.04667,3.40333,30.2,20.658337
1962-05-01,62.99,2.05333,3.43667,30.2,19.089367
1962-06-01,55.63,2.06,3.47,30.2,16.827572
1962-07-01,56.97,2.06667,3.49,30.3,17.141325
1962-08-01,58.52,2.07333,3.51,30.3,17.571262
1962-09-01,58.0,2.08,3.53,30.4,17.32146
1962-10-01,56.17,2.09667,3.57667,30.4,16.73982
1962-11-01,60.04,2.11333,3.62333,30.4,17.854387
1962-12-01,62.64,2.13,3.67,30.4,18.585836
1963-01-01,65.06,2.13667,3.68333,30.4,19.259232
1963-02-01,65.92,2.14333,3.69667,30.4,19.46919
1963-03-01,65.67,2.15,3.71,30.5,19.288065
1963-04-01,68.76,2.16667,3.75333,30.5,20.150078
1963-05-01,70.14,2.18333,3.79667,30.5,20.507586
1963-06-01,70.11,2.2,3.84,30.6,20.38415
1963-07-01,69.07,2.20333,3.88,30.7,19.969233
1963-08-01,70.98,2.20667,3.92,30.7,20.472637
1963-09-01,72.85,2.21,3.96,30.7,20.96036
1963-10-01,73.03,2.23333,3.98,30.8,20.891344
1963-11-01,72.62,2.25667,4.0,30.8,20.7204
1963-12-01,74.17,2.28,4.02,30.9,21.038599
1964-01-01,76.45,2.29667,4.07333,30.9,21.627216
1964-02-01,77.39,2.31333,4.12667,30.9,21.83267
1964-03-01,78.8,2.33,4.18,30.9,22.167246
1964-04-01,79.94,2.34667,4.23,30.9,22.422192
1964-05-01,80.72,2.36333,4.28,30.9,22.574331
1964-06-01,80.24,2.38,4.33,31.0,22.300287
1964-07-01,83.22,2.4,4.37667,31.1,22.984352
1964-08-01,82.0,2.42,4.42333,31.0,22.650408
1964-09-01,83.41,2.44,4.47,31.1,22.892221
1964-10-01,84.85,2.46,4.49667,31.1,23.212154
1964-11-01,85.44,2.48,4.52333,31.2,23.22502
1964-12-01,83.96,2.5,4.55,31.2,22.752985
1965-01-01,86.12,2.51667,4.59333,31.2,23.269335
1965-02-01,86.75,2.53333,4.63667,31.2,23.372068
1965-03-01,86.83,2.55,4.68,31.3,23.253529
1965-04-01,87.97,2.57,4.73333,31.4,23.420551
1965-05-01,89.28,2.59,4.78667,31.4,23.708809
1965-06-01,85.04,2.61,4.84,31.6,22.385344
1965-07-01,84.91,2.62667,4.88667,31.6,22.300781
1965-08-01,86.49,2.64333,4.93333,31.6,22.665972
1965-09-01,89.38,2.66,4.98,31.6,23.374147
1965-10-01,91.39,2.68,5.05,31.7,23.775745
1965-11-01,92.15,2.7,5.12,31.7,23.92546
1965-12-01,91.73,2.72,5.19,31.8,23.69411
1966-01-01,93.32,2.74,5.24,31.8,24.058483
1966-02-01,92.69,2.76,5.29,32.0,23.700027
1966-03-01,88.88,2.78,5.34,32.1,22.611113
1966-04-01,91.6,2.79667,5.38,32.3,23.113697
1966-05-01,86.78,2.81333,5.42,32.3,21.852179
1966-06-01,86.06,2.83,5.46,32.4,21.555254
1966-07-01,85.84,2.85,5.47667,32.5,21.381702
1966-08-01,80.65,2.87,5.49333,32.7,19.913904
1966-09-01,77.81,2.89,5.51,32.7,19.161676
1966-10-01,77.13,2.88333,5.52333,32.9,18.825409
1966-11-01,80.99,2.87667,5.53667,32.9,19.71125
1966-12-01,81.33,2.87,5.55,32.9,19.736473
1967-01-01,84.45,2.88,5.51667,32.9,20.432241
1967-02-01,87.36,2.89,5.48333,32.9,21.074444
1967-03-01,89.42,2.9,5.45,33.0,21.4439
1967-04-01,90.96,2.9,5.41,33.1,21.686026
1967-05-01,92.59,2.9,5.37,33.2,21.948477
1967-06-01,91.43,2.9,5.33,33.3,21.552097
1967-07-01,93.01,2.90667,5.32,33.4,21.804195
1967-08-01,94.49,2.91333,5.31,33.5,22.030626
1967-09-01,95.81,2.92,5.3,33.6,22.219145
1967-10-01,95.66,2.92,5.31,33.7,22.0682
1967-11-01,92.66,2.92,5.32,33.8,21.263103
1967-12-01,95.3,2.92,5.33,33.9,21.751598
1968-01-01,95.04,2.93,5.36667,34.1,21.511536
1968-02-01,90.75,2.94,5.40333,34.2,20.424992
1968-03-01,89.09,2.95,5.44,34.3,19.934711
1968-04-01,95.67,2.96333,5.48333,34.4,21.277355
1968-05-01,97.87,2.97667,5.52667,34.5,21.630228
1968-06-01,100.5,2.99,5.57,34.7,22.004623
1968-07-01,100.3,3.00333,5.6,34.9,21.753538
1968-08-01,98.11,3.01667,5.63,35.0,21.137766
1968-09-01,101.3,3.03,5.66,35.1,21.680275
1968-10-01,103.8,3.04333,5.69333,35.3,22.004606
1968-11-01,105.4,3.05667,5.72667,35.4,22.19553
1968-12-01,106.5,3.07,5.76,35.5,22.277872
1969-01-01,102.0,3.08,5.78,35.6,21.194967
1969-02-01,101.5,3.09,5.8,35.8,20.89573
1969-03-01,99.3,3.1,5.82,36.1,20.202288
1969-04-01,101.3,3.11,5.82667,36.3,20.428608
1969-05-01,104.6,3.12,5.83333,36.4,20.972258
1969-06-01,99.14,3.13,5.84,36.6,19.71334
1969-07-01,94.71,3.13667,5.85667,36.8,18.681707
1969-08-01,94.18,3.14333,5.87333,37.0,18.429516
1969-09-01,94.51,3.15,5.89,37.1,18.398046
1969-10-01,95.52,3.15333,5.85333,37.3,18.448662
1969-11-01,96.21,3.15667,5.81667,37.5,18.43776
1969-12-01,91.11,3.16,5.78,37.7,17.32693
1970-01-01,90.31,3.16333,5.73,37.8,17.090542
1970-02-01,87.16,3.16667,5.68,38.0,16.372587
1970-03-01,88.65,3.17,5.63,38.2,16.53169
1970-04-01,85.95,3.17333,5.59333,38.5,15.873068
1970-05-01,76.06,3.17667,5.55667,38.6,13.983836
1970-06-01,75.59,3.18,5.52,38.8,13.799692
1970-07-01,75.72,3.18333,5.46667,39.0,13.7265
1970-08-01,77.92,3.18667,5.41333,39.0,14.100456
1970-09-01,82.58,3.19,5.36,39.2,14.842661
1970-10-01,84.37,3.17333,5.28333,39.4,15.064185
1970-11-01,84.28,3.15667,5.20667,39.6,14.950762
1970-12-01,90.05,3.14,5.13,39.8,15.87384
1971-01-01,93.49,3.13,5.16,39.8,16.461794
1971-02-01,97.11,3.12,5.19,39.9,17.034534
1971-03-01,99.6,3.11,5.22,40.0,17.402903
1971-04-01,103.0,3.10667,5.25333,40.1,17.92411
1971-05-01,101.6,3.10333,5.28667,40.3,17.564154
1971-06-01,99.72,3.1,5.32,40.6,17.083166
1971-07-01,99.0,3.09667,5.35667,40.7,16.889414
1971-08-01,97.24,3.09333,5.39333,40.8,16.51945
1971-09-01,99.4,3.09,5.43,40.8,16.856792
1971-10-01,97.29,3.08333,5.52,40.9,16.428864
1971-11-01,92.78,3.07667,5.61,40.9,15.638713
1971-12-01,99.17,3.07,5.7,41.1,16.603558
1972-01-01,103.3,3.07,5.73667,41.1,17.262997
1972-02-01,105.2,3.07,5.77333,41.3,17.464148
1972-03-01,107.7,3.07,5.81,41.4,17.805643
1972-04-01,108.8,3.07,5.86333,41.5,17.915161
1972-05-01,107.7,3.07,5.91667,41.6,17.662645
1972-06-01,108.0,3.07,5.97,41.7,17.640858
1972-07-01,107.2,3.07333,6.02667,41.9,17.39869
1972-08-01,111.0,3.07667,6.08333,42.0,17.943405
1972-09-01,109.4,3.08,6.14,42.1,17.613855
1972-10-01,109.6,3.10333,6.23333,42.3,17.533184
1972-11-01,115.1,3.12667,6.32667,42.4,18.338894
1972-12-01,117.5,3.15,6.42,42.5,18.64572
1973-01-01,118.4,3.15667,6.54667,42.6,18.71253
1973-02-01,114.2,3.16333,6.67333,42.9,17.889889
1973-03-01,112.4,3.17,6.8,43.3,17.412142
1973-04-01,110.3,3.18667,6.94333,43.6,16.93574
1973-05-01,107.2,3.20333,7.08667,43.9,16.314339
1973-06-01,104.8,3.22,7.23,44.2,15.808323
1973-07-01,105.8,3.23667,7.38333,44.3,15.889519
1973-08-01,103.8,3.25333,7.53667,45.1,15.2785015
1973-09-01,105.6,3.27,7.69,45.2,15.475308
1973-10-01,109.8,3.30667,7.84667,45.6,15.913516
1973-11-01,102.0,3.34333,8.00333,45.9,14.651845
1973-12-01,94.78,3.38,8.16,46.2,13.49333
1974-01-01,96.11,3.4,8.22667,46.6,13.530722
1974-02-01,93.45,3.42,8.29333,47.2,12.957321
1974-03-01,97.44,3.44,8.36,47.8,13.310364
1974-04-01,92.46,3.46,8.48667,48.0,12.550411
1974-05-01,89.67,3.48,8.61333,48.6,11.995437
1974-06-01,89.79,3.5,8.74,49.0,11.888499
1974-07-01,79.31,3.53,8.86333,49.4,10.394142
1974-08-01,76.03,3.56,8.98667,50.0,9.824196
1974-09-01,68.12,3.59,9.11,50.6,8.680421
1974-10-01,69.44,3.59333,9.03667,51.1,8.744984
1974-11-01,71.74,3.59667,8.96333,51.5,8.948984
1974-12-01,67.07,3.6,8.89,51.9,8.28906
1975-01-01,72.56,3.62333,8.74333,52.1,8.920996
1975-02-01,80.1,3.64667,8.59667,52.5,9.762247
1975-03-01,83.78,3.67,8.45,52.7,10.163796
1975-04-01,84.72,3.68333,8.28667,52.9,10.233076
1975-05-01,90.1,3.69667,8.12333,53.2,10.818139
1975-06-01,92.4,3.71,7.96,53.6,11.011354
1975-07-01,92.49,3.71,7.89333,54.2,10.902767
1975-08-01,85.71,3.71,7.82667,54.3,10.089769
1975-09-01,84.67,3.71,7.76,54.6,9.918905
1975-10-01,88.57,3.7,7.82667,54.9,10.3276
1975-11-01,90.07,3.69,7.89333,55.3,10.43586
1975-12-01,88.7,3.68,7.96,55.5,10.250368
1976-01-01,96.86,3.68333,8.19333,55.6,11.185051
1976-02-01,100.6,3.68667,8.42667,55.8,11.586093
1976-03-01,101.1,3.69,8.66,55.9,11.631755
1976-04-01,101.9,3.71333,8.85667,56.1,11.689164
1976-05-01,101.2,3.73667,9.05333,56.5,11.532054
1976-06-01,101.8,3.76,9.25,56.8,11.543841
1976-07-01,104.2,3.79,9.35,57.1,11.75749
1976-08-01,103.3,3.82,9.45,57.4,11.597986
1976-09-01,105.5,3.85,9.55,57.6,11.805991
1976-10-01,101.9,3.91667,9.67,57.9,11.345696
1976-11-01,101.2,3.98333,9.79,58.0,11.248856
1976-12-01,104.7,4.05,9.91,58.2,11.5975895
1977-01-01,103.8,4.09667,9.96667,58.5,11.437962
1977-02-01,101.0,4.14333,10.0233,59.1,11.014842
1977-03-01,100.6,4.19,10.08,59.5,10.895746
1977-04-01,99.05,4.24667,10.1933,60.0,10.636038
1977-05-01,98.76,4.30333,10.3067,60.3,10.548487
1977-06-01,99.29,4.36,10.42,60.7,10.530024
1977-07-01,100.2,4.40667,10.5167,61.0,10.567693
1977-08-01,97.75,4.45333,10.6133,61.2,10.268386
1977-09-01,96.23,4.5,10.71,61.4,10.067742
1977-10-01,93.74,4.55667,10.77,61.6,9.766666
1977-11-01,94.28,4.61333,10.83,61.9,9.7663
1977-12-01,93.82,4.67,10.89,62.1,9.678267
1978-01-01,90.25,4.71333,10.9,62.5,9.241463
1978-02-01,88.98,4.75667,10.91,62.9,9.045263
1978-03-01,88.82,4.8,10.92,63.4,8.95042
1978-04-01,92.71,4.83667,11.0233,63.9,9.2625885
1978-05-01,97.41,4.87333,11.1267,64.5,9.634911
1978-06-01,97.66,4.91,11.23,65.2,9.549679
1978-07-01,97.19,4.94667,11.3433,65.7,9.425524
1978-08-01,103.9,4.98333,11.4567,66.0,10.023971
1978-09-01,103.9,5.02,11.57,66.5,9.941888
1978-10-01,100.6,5.03667,11.8233,67.1,9.533608
1978-11-01,94.71,5.05333,12.0767,67.4,8.928419
1978-12-01,96.11,5.07,12.33,67.7,9.011942
1979-01-01,99.71,5.11333,12.6533,68.3,9.257637
1979-02-01,98.23,5.15667,12.9767,69.1,9.00374
1979-03-01,100.1,5.2,13.3,69.8,9.070785
1979-04-01,102.1,5.24667,13.5267,70.6,9.133063
1979-05-01,99.73,5.29333,13.7533,71.5,8.794383
1979-06-01,101.7,5.34,13.98,72.3,8.853938
1979-07-01,102.7,5.39667,14.1967,73.1,8.827498
1979-08-01,107.4,5.45333,14.4133,73.8,9.127166
1979-09-01,108.6,5.51,14.63,74.6,9.112759
1979-10-01,104.5,5.55667,14.7067,75.2,8.681844
1979-11-01,103.7,5.60333,14.7833,75.9,8.5187845
1979-12-01,107.8,5.65,14.86,76.7,8.745204
1980-01-01,110.9,5.7,15.0033,77.8,8.850934
1980-02-01,115.3,5.75,15.1467,78.9,9.054476
1980-03-01,104.7,5.8,15.29,80.1,8.081151
1980-04-01,103.0,5.84667,15.1733,81.0,7.8440247
1980-05-01,107.7,5.89333,15.0567,81.8,8.104226
1980-06-01,114.6,5.94,14.94,82.7,8.512078
1980-07-01,119.8,5.98333,14.84,82.7,8.880865
1980-08-01,123.5,6.02667,14.74,83.3,9.071006
1980-09-01,126.5,6.07,14.64,84.0,9.19604
1980-10-01,130.2,6.1,14.7,84.8,9.3578415
1980-11-01,135.7,6.13,14.76,85.5,9.654043
1980-12-01,133.5,6.16,14.82,86.3,9.389902
1981-01-01,133.0,6.2,14.74,87.0,9.259404
1981-02-01,128.4,6.24,14.66,87.9,8.8299
1981-03-01,133.2,6.28,14.58,88.5,9.081097
1981-04-01,134.4,6.31667,14.7233,89.1,9.085561
1981-05-01,131.7,6.35333,14.8667,89.8,8.818483
1981-06-01,132.3,6.39,15.01,90.6,8.765341
1981-07-01,129.1,6.43333,15.0967,91.6,8.445319
1981-08-01,129.6,6.47667,15.1833,92.3,8.399806
1981-09-01,118.3,6.52,15.27,93.2,7.581163
1981-10-01,119.8,6.55667,15.3,93.4,7.649142
1981-11-01,122.9,6.59333,15.33,93.7,7.8107524
1981-12-01,123.8,6.63,15.36,94.0,7.832562
1982-01-01,117.3,6.66,15.1767,94.3,7.38866
1982-02-01,114.5,6.69,14.9933,94.6,7.1818233
1982-03-01,110.8,6.72,14.81,94.5,6.9506736
1982-04-01,116.3,6.75,14.5967,94.9,7.259073
1982-05-01,116.4,6.78,14.3833,95.8,7.1926126
1982-06-01,109.7,6.81,14.17,97.0,6.692134
1982-07-01,109.4,6.82333,13.9667,97.5,6.6386533
1982-08-01,109.7,6.83667,13.7633,97.7,6.6434226
1982-09-01,122.4,6.85,13.56,97.9,7.398838
1982-10-01,132.7,6.85667,13.2533,98.2,7.999841
1982-11-01,138.1,6.86333,12.9467,98.0,8.347477
1982-12-01,139.4,6.87,12.64,97.6,8.467738
1983-01-01,144.3,6.88333,12.5667,97.8,8.7567835
1983-02-01,146.8,6.89667,12.4933,97.9,8.910494
1983-03-01,151.9,6.91,12.42,97.9,9.23283
1983-04-01,157.7,6.92,12.4767,98.6,9.531581
1983-05-01,164.1,6.93,12.5333,99.2,9.874456
1983-06-01,166.4,6.94,12.59,99.5,10.000118
1983-07-01,167.0,6.96,12.8267,99.9,10.014476
1983-08-01,162.4,6.98,13.0633,100.2,9.728057
1983-09-01,167.2,7.0,13.3,100.7,9.984202
1983-10-01,167.7,7.03,13.5433,101.0,10.003392
1983-11-01,165.2,7.06,13.7867,101.2,9.853581
1983-12-01,164.4,7.09,14.03,101.3,9.815011
1984-01-01,166.4,7.12,14.44,101.9,9.894932
1984-02-01,157.3,7.15,14.85,102.4,9.32453
1984-03-01,157.4,7.18,15.26,102.6,9.326747
1984-04-01,157.6,7.22333,15.5733,103.1,9.305643
1984-05-01,156.6,7.26667,15.8867,103.4,9.231832
1984-06-01,153.1,7.31,16.2,103.7,9.010185
1984-07-01,151.1,7.33333,16.32,104.1,8.868302
1984-08-01,164.4,7.35667,16.44,104.5,9.623063
1984-09-01,166.1,7.38,16.56,105.0,9.687342
1984-10-01,164.8,7.43,16.5867,105.3,9.595071
1984-11-01,166.3,7.48,16.6133,105.3,9.691974
1984-12-01,164.5,7.53,16.64,105.3,9.595055
1985-01-01,171.6,7.57333,16.5567,105.5,9.997002
1985-02-01,180.9,7.61667,16.4733,106.0,10.494935
1985-03-01,179.4,7.66,16.39,106.4,10.373218
1985-04-01,180.6,7.68667,16.13,106.9,10.397119
1985-05-01,184.9,7.71333,15.87,107.3,10.608121
1985-06-01,188.9,7.74,15.61,107.6,10.81005
1985-07-01,192.5,7.77333,15.4833,107.8,10.997564
1985-08-01,188.3,7.80667,15.3567,108.0,10.7388
1985-09-01,184.1,7.84,15.23,108.3,10.471234
1985-10-01,186.2,7.86,15.0233,108.7,10.552517
1985-11-01,197.5,7.88,14.8167,109.0,11.164611
1985-12-01,207.3,7.9,14.61,109.3,11.690521
1986-01-01,208.2,7.94,14.58,109.6,11.715008
1986-02-01,219.4,7.98,14.55,109.3,12.388219
1986-03-01,232.3,8.02,14.52,108.8,13.189023
1986-04-01,238.0,8.04667,14.5833,108.6,13.552505
1986-05-01,238.5,8.07333,14.6467,108.9,13.560046
1986-06-01,245.3,8.1,14.71,109.5,13.888689
1986-07-01,240.2,8.14333,14.7567,109.5,13.619995
1986-08-01,245.0,8.18667,14.8033,109.7,13.887668
1986-09-01,238.3,8.23,14.85,110.2,13.467315
1986-10-01,237.4,8.24667,14.7267,110.3,13.425919
1986-11-01,245.1,8.26333,14.6033,110.4,13.872986
1986-12-01,248.6,8.28,14.48,110.5,14.08514
1987-01-01,264.5,8.3,14.6867,111.2,14.922208
1987-02-01,280.9,8.32,14.8933,111.6,15.822318
1987-03-01,292.5,8.34,15.1,112.1,16.433344
1987-04-01,289.3,8.4,14.8733,112.7,16.196535
1987-05-01,289.1,8.46,14.6467,113.1,16.160313
1987-06-01,301.4,8.52,14.42,113.5,16.825207
1987-07-01,310.1,8.56667,14.9,113.8,17.306004
1987-08-01,329.4,8.61333,15.38,114.4,18.326908
1987-09-01,318.7,8.66,15.86,115.0,17.675621
1987-10-01,280.2,8.71,16.4067,115.3,15.530056
1987-11-01,245.0,8.76,16.9533,115.4,13.590885
1987-12-01,241.0,8.81,17.5,115.4,13.389029
1988-01-01,250.5,8.85667,17.8633,115.7,13.898336
1988-02-01,258.1,8.90333,18.2267,116.0,14.298271
1988-03-01,265.7,8.95,18.59,116.5,14.668947
1988-04-01,262.6,9.04333,19.6167,117.1,14.433316
1988-05-01,256.1,9.13667,20.6433,117.5,14.031892
1988-06-01,270.7,9.23,21.67,118.0,14.766469
1988-07-01,269.1,9.30667,22.0233,118.5,14.608315
1988-08-01,263.7,9.38333,22.3767,119.0,14.2449465
1988-09-01,268.0,9.46,22.73,119.8,14.369429
1988-10-01,277.4,9.55,23.0733,120.2,14.81145
1988-11-01,271.0,9.64,23.4167,120.3,14.445531
1988-12-01,276.5,9.75,23.75,120.5,14.702086
1989-01-01,285.4,9.81333,24.16,121.1,15.088073
1989-02-01,294.0,9.89667,24.56,121.6,15.46706
1989-03-01,292.7,10.01,24.96,122.3,15.298969
1989-04-01,302.3,10.0867,25.0467,123.1,15.686743
1989-05-01,313.9,10.1933,25.1333,123.8,16.186354
1989-06-01,323.7,10.37,25.22,124.1,16.641905
1989-07-01,331.9,10.4233,24.71,124.4,17.013407
1989-08-01,346.6,10.5467,24.2,124.6,17.734251
1989-09-01,347.3,10.73,23.69,125.0,17.71422
1989-10-01,347.4,10.7967,23.4267,125.6,17.640854
1989-11-01,340.2,10.9233,23.1633,125.9,17.242369
1989-12-01,348.6,11.06,22.87,126.1,17.650213
1990-01-01,339.97,11.14,22.49,127.4,17.048843
1990-02-01,330.45,11.23,22.08,128.0,16.508093
1990-03-01,338.46,11.32,21.67,128.7,16.833748
1990-04-01,338.18,11.4367,21.5333,128.9,16.813913
1990-05-01,350.25,11.5533,21.3967,129.2,17.392414
1990-06-01,360.39,11.66,21.26,129.9,17.817083
1990-07-01,360.03,11.7267,21.42,130.4,17.747171
1990-08-01,330.75,11.7833,21.58,131.6,16.168335
1990-09-01,315.41,11.83,21.74,132.7,15.301286
1990-10-01,307.12,11.9267,21.6067,133.5,14.818148
1990-11-01,315.29,12.0133,21.4733,133.8,15.187608
1990-12-01,328.75,12.09,21.34,133.8,15.846315
1991-01-01,325.49,12.1067,21.1833,134.6,15.60619
1991-02-01,362.26,12.1133,21.0267,134.8,17.354664
1991-03-01,372.28,12.11,20.94,135.0,17.81862
1991-04-01,379.68,12.13,20.3633,135.2,18.155346
1991-05-01,377.99,12.14,19.8567,135.6,18.03543
1991-06-01,378.29,12.15,19.41,136.0,18.015226
1991-07-01,380.23,12.1933,18.84,136.2,18.103453
1991-08-01,389.4,12.2367,18.33,136.6,18.512259
1991-09-01,387.2,12.28,17.82,137.2,18.357283
1991-10-01,386.88,12.2533,17.2033,137.4,18.349188
1991-11-01,385.92,12.2267,16.5867,137.8,18.288868
1991-12-01,388.51,12.2,15.97,137.9,18.441652
1992-01-01,416.08,12.24,16.0467,138.1,19.773067
1992-02-01,412.56,12.28,16.1233,138.6,19.582983
1992-03-01,407.36,12.32,16.19,139.3,19.283562
1992-04-01,407.41,12.32,16.4833,139.5,19.30123
1992-05-01,414.81,12.32,16.7667,139.7,19.66228
1992-06-01,408.27,12.32,17.05,140.2,19.315367
1992-07-01,415.05,12.3433,17.38,140.5,19.62074
1992-08-01,417.93,12.3667,17.71,140.9,19.722137
1992-09-01,418.48,12.4,18.04,141.3,19.708767
1992-10-01,412.5,12.3867,18.39,141.8,19.370272
1992-11-01,422.84,12.3833,18.74,142.0,19.833656
1992-12-01,435.64,12.39,19.09,141.9,20.448606
1993-01-01,435.23,12.4133,19.34,142.6,20.32341
1993-02-01,441.7,12.4467,19.59,143.1,20.545338
1993-03-01,450.16,12.48,19.84,143.6,20.8552
1993-04-01,443.08,12.4933,19.67,144.0,20.457361
1993-05-01,445.25,12.5067,19.5,144.2,20.517605
1993-06-01,448.06,12.52,19.33,144.4,20.608356
1993-07-01,447.29,12.52,19.69,144.4,20.564596
1993-08-01,454.13,12.52,20.05,144.8,20.812227
1993-09-01,459.24,12.52,20.41,145.1,20.993502
1993-10-01,463.9,12.54,20.9,145.7,21.109179
1993-11-01,462.89,12.56,21.39,145.8,21.0379
1993-12-01,465.95,12.58,21.89,145.8,21.164732
1994-01-01,472.99,12.6233,22.1567,146.2,21.411976
1994-02-01,471.58,12.6667,22.4333,146.7,21.26384
1994-03-01,463.81,12.71,22.71,147.2,20.833376
1994-04-01,447.23,12.7533,23.54,147.4,20.05525
1994-05-01,450.9,12.7967,24.37,147.5,20.196493
1994-06-01,454.83,12.84,25.2,148.0,20.290764
1994-07-01,451.4,12.87,25.91,148.4,20.067951
1994-08-01,464.24,12.9,26.62,149.0,20.53555
1994-09-01,466.96,12.92,27.33,149.4,20.57645
1994-10-01,463.81,13.0133,28.42,149.5,20.39576
1994-11-01,461.01,13.0967,29.51,149.7,20.209473
1994-12-01,455.19,13.17,30.6,149.7,19.911484
1995-01-01,465.25,13.18,31.25,150.3,20.21912
1995-02-01,481.92,13.18,31.9,150.9,20.802572
1995-03-01,493.15,13.17,32.55,151.4,21.152737
1995-04-01,507.91,13.2433,33.1767,151.9,21.642738
1995-05-01,523.81,13.3067,33.8033,152.2,22.195427
1995-06-01,539.35,13.36,34.43,152.5,22.718357
1995-07-01,557.37,13.44,34.68,152.5,23.376413
1995-08-01,559.11,13.51,34.93,152.9,23.284071
1995-09-01,578.77,13.58,35.18,153.2,23.946007
1995-10-01,582.92,13.65,34.7733,153.7,23.926764
1995-11-01,595.53,13.72,34.3667,153.6,24.347588
1995-12-01,614.57,13.79,33.96,153.5,25.02738
1996-01-01,614.42,13.8933,33.9867,154.4,24.762465
1996-02-01,649.54,13.9967,34.0133,154.9,25.976065
1996-03-01,647.07,14.1,34.04,155.7,25.62993
1996-04-01,647.17,14.1567,34.33,156.3,25.424204
1996-05-01,661.23,14.2133,34.62,156.6,25.814043
1996-06-01,668.5,14.27,34.91,156.7,25.966673
1996-07-01,644.07,14.4,35.2733,157.0,24.858412
1996-08-01,662.68,14.53,35.6367,157.3,25.412529
1996-09-01,674.88,14.66,36.0,157.8,25.680115
1996-10-01,701.46,14.74,36.91,158.3,26.483467
1996-11-01,735.67,14.82,37.82,158.6,27.585611
1996-12-01,743.25,14.9,38.73,158.6,27.723946
1997-01-01,766.22,14.9533,39.2333,159.1,28.33287
1997-02-01,798.39,15.0067,39.7367,159.6,29.265635
1997-03-01,792.16,15.06,40.24,160.0,28.802458
1997-04-01,763.93,15.0933,40.3433,160.2,27.585161
1997-05-01,833.09,15.1267,40.4467,160.1,29.928362
1997-06-01,876.29,15.16,40.55,160.3,31.256561
1997-07-01,925.29,15.2167,40.58,160.5,32.766636
1997-08-01,927.24,15.2733,40.61,160.8,32.586285
1997-09-01,937.02,15.33,40.64,161.2,32.66658
1997-10-01,951.16,15.3867,40.3333,161.6,32.901497
1997-11-01,938.92,15.4433,40.0267,161.5,32.3366
1997-12-01,962.37,15.5,39.72,161.3,33.03079
1998-01-01,963.36,15.55,39.66,161.6,32.85997
1998-02-01,1023.74,15.6,39.6,161.9,34.70968
1998-03-01,1076.83,15.64,39.54,162.2,36.29693
1998-04-01,1112.2,15.75,39.35,162.5,37.276936
1998-05-01,1108.42,15.85,39.16,162.8,36.9566
1998-06-01,1108.39,15.95,38.97,163.0,36.80229
1998-07-01,1156.58,16.0167,38.6767,163.2,38.259644
1998-08-01,1074.62,16.0833,38.3833,163.4,35.4234
1998-09-01,1020.64,16.14,38.09,163.6,33.532356
1998-10-01,1032.47,16.1667,37.9633,164.0,33.7731
1998-11-01,1144.43,16.1833,37.8367,164.0,37.369392
1998-12-01,1190.05,16.2,37.71,163.9,38.820274
1999-01-01,1248.77,16.283333,37.933334,164.3,40.576958
1999-02-01,1246.58,16.366667,38.156666,164.5,40.400158
1999-03-01,1281.66,16.45,38.38,165.0,41.356102
1999-04-01,1334.76,16.45,39.26,166.2,42.70451
1999-05-01,1332.07,16.45,40.14,166.2,42.556675
1999-06-01,1322.55,16.45,41.02,166.2,42.180676
1999-07-01,1380.99,16.513334,42.0,166.7,43.828037
1999-08-01,1327.49,16.576666,42.98,167.1,41.930714
1999-09-01,1318.17,16.64,43.96,167.9,41.323452
1999-10-01,1300.01,16.656666,45.363335,168.2,40.552853
1999-11-01,1391.0,16.673334,46.766666,168.3,43.20829
1999-12-01,1428.68,16.69,48.17,168.3,44.19794
2000-01-01,1425.59,16.713333,49.09667,168.8,43.77258
2000-02-01,1388.87,16.736666,50.023335,169.8,42.185635
2000-03-01,1442.21,16.76,50.95,171.2,43.22075
2000-04-01,1461.36,16.74,51.273335,171.3,43.528576
2000-05-01,1418.48,16.72,51.59667,171.5,41.96605
2000-06-01,1461.96,16.7,51.92,172.4,42.78197
2000-07-01,1473.0,16.583334,52.513332,172.8,42.758095
2000-08-01,1485.46,16.466667,53.106667,172.8,42.869564
2000-09-01,1468.05,16.35,53.7,173.7,41.898006
2000-10-01,1390.14,16.323334,52.466667,174.0,39.369698
2000-11-01,1378.04,16.296667,51.233334,174.1,38.782143
2000-12-01,1330.93,16.27,50.0,174.0,37.27424
2001-01-01,1335.63,16.17,48.48,175.1,36.978867
2001-02-01,1305.75,16.07,46.96,175.8,35.834663
2001-03-01,1185.85,15.97,45.44,176.2,32.325836
2001-04-01,1189.84,15.876667,42.556667,176.9,32.1739
2001-05-01,1270.37,15.783334,39.673332,177.7,34.074642
2001-06-01,1238.71,15.69,36.79,178.0,33.068535
2001-07-01,1204.45,15.706667,33.963333,177.5,32.16304
2001-08-01,1178.5,15.723333,31.136667,177.5,31.404318
2001-09-01,1044.64,15.74,28.31,178.3,27.667393
2001-10-01,1076.59,15.74,27.103333,177.7,28.577374
2001-11-01,1129.68,15.74,25.896667,177.4,30.005104
2001-12-01,1144.93,15.74,24.69,176.7,30.499952
2002-01-01,1140.21,15.736667,24.693333,177.1,30.277205
2002-02-01,1100.67,15.733334,24.696667,177.8,29.085705
2002-03-01,1153.79,15.73,24.7,178.8,30.292131
2002-04-01,1111.93,15.833333,25.38,179.8,29.005884
2002-05-01,1079.25,15.9366665,26.06,179.8,28.128107
2002-06-01,1014.02,16.04,26.74,179.9,26.387672
2002-07-01,903.59,15.96,27.84,180.1,23.463121
2002-08-01,912.55,15.88,28.94,180.7,23.588713
2002-09-01,867.81,15.8,30.04,181.0,22.365036
2002-10-01,854.63,15.89,29.223333,181.3,21.956234
2002-11-01,909.93,15.98,28.406666,181.3,23.348396
2002-12-01,899.18,16.07,27.59,180.9,23.101442
2003-01-01,895.84,16.12,28.5,181.7,22.898348
2003-02-01,837.03,16.17,29.41,183.1,21.214102
2003-03-01,846.63,16.22,30.32,184.2,21.30972
2003-04-01,890.03,16.203333,31.73,183.8,22.42794
2003-05-01,935.96,16.186666,33.14,183.5,23.59108
2003-06-01,988.0,16.17,34.55,183.7,24.832224
2003-07-01,992.54,16.31,35.893333,183.9,24.867329
2003-08-01,989.53,16.45,37.236668,184.6,24.642252
2003-09-01,1019.44,16.59,38.58,185.2,25.243687
2003-10-01,1038.73,16.856667,41.966667,185.0,25.682756
2003-11-01,1049.9,17.123333,45.353333,184.5,25.946798
2003-12-01,1080.64,17.39,48.74,184.3,26.63517
2004-01-01,1132.52,17.6,49.826668,185.2,27.65854
2004-02-01,1143.36,17.81,50.913334,186.2,27.650862
2004-03-01,1123.98,18.02,52.0,187.4,26.88653
2004-04-01,1133.36,18.213333,53.383335,188.0,26.900578
2004-05-01,1102.78,18.406666,54.766666,189.1,25.902815
2004-06-01,1132.76,18.6,56.15,189.7,26.401285
2004-07-01,1105.85,18.786667,56.69,189.4,25.695889
2004-08-01,1088.94,18.973333,57.23,189.5,25.174461
2004-09-01,1117.66,19.16,57.77,189.9,25.668407
2004-10-01,1117.21,19.253334,58.03,190.9,25.411655
2004-11-01,1168.94,19.346666,58.29,191.0,26.465311
2004-12-01,1199.21,19.44,58.55,190.3,27.144808
2005-01-01,1181.41,19.703333,59.106667,190.7,26.58725
2005-02-01,1199.63,19.966667,59.663334,191.8,26.744864
2005-03-01,1194.9,20.23,60.22,193.3,26.339142
2005-04-01,1164.43,20.463333,61.233334,194.6,25.408922
2005-05-01,1178.28,20.696667,62.246666,194.4,25.65023
2005-06-01,1202.25,20.93,63.26,194.5,26.068396
2005-07-01,1222.24,21.11,64.33,195.4,26.28787
2005-08-01,1224.27,21.29,65.4,196.4,26.104382
2005-09-01,1225.92,21.47,66.47,198.8,25.730124
2005-10-01,1191.96,21.72,67.59,199.2,24.87654
2005-11-01,1237.37,21.97,68.71,197.6,25.931784
2005-12-01,1262.07,22.22,69.83,196.8,26.443804
2006-01-01,1278.73,22.406666,70.776665,198.3,26.468702
2006-02-01,1276.65,22.593334,71.723335,198.7,26.249624
2006-03-01,1293.74,22.78,72.67,199.8,26.327837
2006-04-01,1302.17,23.0,73.276665,201.5,26.147282
2006-05-01,1290.01,23.22,73.88333,202.5,25.65064
2006-06-01,1253.17,23.44,74.49,202.9,24.749582
2006-07-01,1260.24,23.66,75.85,203.5,24.696787
2006-08-01,1287.15,23.88,77.21,203.9,25.051394
2006-09-01,1317.74,24.1,78.57,202.9,25.644156
2006-10-01,1363.38,24.36,79.55,201.8,26.53804
2006-11-01,1388.64,24.62,80.53,201.5,26.92802
2006-12-01,1416.42,24.88,81.51,201.8,27.28269
2007-01-01,1424.16,25.083334,82.05666,202.416,27.207537
2007-02-01,1444.8,25.286667,82.60333,203.499,27.315182
2007-03-01,1406.95,25.49,83.15,205.352,26.227606
2007-04-01,1463.64,25.716667,83.74,206.686,26.976269
2007-05-01,1511.14,25.943333,84.33,207.949,27.54849
2007-06-01,1514.19,26.17,84.92,208.352,27.418262
2007-07-01,1520.71,26.44,82.81333,208.299,27.410088
2007-08-01,1454.62,26.71,80.706665,207.917,26.148607
2007-09-01,1497.12,26.98,78.6,208.49,26.725742
2007-10-01,1539.66,27.23,74.46,208.936,27.320648
2007-11-01,1463.39,27.48,70.32,210.177,25.729053
2007-12-01,1479.22,27.73,66.18,210.036,25.95551
2008-01-01,1378.76,27.92,64.25,211.08,24.022318
2008-02-01,1354.87,28.11,62.32,211.693,23.495264
2008-03-01,1316.94,28.3,60.39,213.528,22.606812
2008-04-01,1370.47,28.436666,57.383335,214.823,23.356041
2008-05-01,1403.22,28.573334,54.376667,216.632,23.696432
2008-06-01,1341.25,28.71,51.37,218.815,22.416813
2008-07-01,1257.33,28.756666,49.56333,219.964,20.907206
2008-08-01,1281.47,28.803333,47.756668,219.086,21.401617
2008-09-01,1216.95,28.85,45.95,218.783,20.362734
2008-10-01,968.8,28.696667,35.593334,216.573,16.387356
2008-11-01,883.04,28.543333,25.236666,212.425,15.25966
2008-12-01,877.56,28.39,14.88,210.228,15.3760805
2009-01-01,865.58,28.013334,12.206667,211.143,15.174652
2009-02-01,805.23,27.636667,9.533334,212.193,14.122182
2009-03-01,757.13,27.26,6.86,212.709,13.323668
2009-04-01,848.15,26.703333,7.076667,213.24,14.981867
2009-05-01,902.41,26.146667,7.2933335,213.856,15.996356
2009-06-01,926.12,25.59,7.51,215.693,16.384182
2009-07-01,935.82,25.026667,9.1866665,215.351,16.69462
2009-08-01,1009.73,24.463333,10.863334,215.834,18.09407
2009-09-01,1044.55,23.9,12.54,215.969,18.831902
2009-10-01,1067.66,23.403334,25.35,216.177,19.35801
2009-11-01,1088.07,22.906666,38.16,216.33,19.812761
2009-12-01,1110.38,22.41,50.97,215.949,20.322376
2010-01-01,1123.58,22.24,54.29,216.687,20.52786
2010-02-01,1089.16,22.07,57.61,216.741,19.92054
2010-03-01,1152.05,21.9,60.93,217.631,21.0046
2010-04-01,1197.32,21.946667,62.986668,218.009,21.804846
2010-05-01,1125.06,21.993334,65.043335,218.178,20.480068
2010-06-01,1083.36,22.04,67.1,217.965,19.74204
2010-07-01,1079.8,22.143333,68.68667,218.011,19.668661
2010-08-01,1087.28,22.246666,70.27333,218.312,19.7703
2010-09-01,1122.08,22.35,71.86,218.439,20.381395
2010-10-01,1171.58,22.476667,73.69,218.711,21.240128
2010-11-01,1198.89,22.603333,75.52,218.803,21.700724
2010-12-01,1241.53,22.73,77.35,219.179,22.39638
2011-01-01,1282.62,22.963333,78.67,220.223,22.9783
2011-02-01,1321.12,23.196667,79.99,221.309,23.489828
2011-03-01,1304.49,23.43,81.31,223.467,22.899336
2011-04-01,1331.51,23.733334,82.16333,224.906,23.143929
2011-05-01,1338.31,24.036667,83.01667,225.964,23.059492
2011-06-01,1287.29,24.34,83.87,225.722,22.100832
2011-07-01,1325.19,24.62,84.90667,225.922,22.610981
2011-08-01,1185.31,24.9,85.94334,226.545,20.049852
2011-09-01,1173.88,25.18,86.98,226.889,19.698114
2011-10-01,1207.22,25.596666,86.97,226.421,20.155825
2011-11-01,1226.42,26.013334,86.96,226.23,20.345247
2011-12-01,1243.32,26.43,86.95,225.672,20.523575
2012-01-01,1300.58,26.736666,87.48,226.665,21.213009
2012-02-01,1352.49,27.043333,88.01,227.663,21.797436
2012-03-01,1389.24,27.35,88.54,229.392,22.053944
2012-04-01,1386.43,27.673334,88.333336,230.085,21.779247
2012-05-01,1341.27,27.996666,88.12666,229.815,20.941467
2012-06-01,1323.48,28.32,87.92,229.478,20.547504
2012-07-01,1359.78,28.743334,87.44666,229.104,20.999342
2012-08-01,1403.45,29.166666,86.973335,230.379,21.410429
2012-09-01,1443.42,29.59,86.5,231.407,21.78369
2012-10-01,1437.82,30.143333,86.503334,231.317,21.57711
2012-11-01,1394.51,30.696667,86.50667,230.221,20.898163
2012-12-01,1422.29,31.25,86.51,229.601,21.23826
2013-01-01,1480.4,31.536667,86.90667,230.28,21.900475
2013-02-01,1512.31,31.823334,87.30334,232.166,22.052725
2013-03-01,1550.83,32.11,87.7,232.773,22.419207
2013-04-01,1570.7,32.496666,88.78333,232.531,22.595655
2013-05-01,1639.84,32.883335,89.86667,232.945,23.411842
2013-06-01,1618.77,33.27,90.95,233.504,22.925333
2013-07-01,1668.68,33.646667,92.09,233.596,23.49246
2013-08-01,1670.09,34.023335,93.23,233.877,23.35665
2013-09-01,1687.17,34.4,94.37,234.149,23.442287
2013-10-01,1720.03,34.59667,96.31333,233.546,23.834738
2013-11-01,1783.54,34.793335,98.25667,233.069,24.642076
2013-12-01,1807.78,34.99,100.2,233.049,24.86187
2014-01-01,1822.36,35.40333,100.416664,233.916,24.85961
2014-02-01,1817.04,35.816666,100.63333,234.781,24.59093
2014-03-01,1863.52,36.23,100.85,236.293,24.95604
2014-04-01,1864.26,36.613335,101.60667,237.072,24.786316
2014-05-01,1889.77,36.996666,102.363335,237.9,24.943274
2014-06-01,1947.09,37.38,103.12,238.343,25.558008
2014-07-01,1973.1,37.75,104.066666,238.25,25.817547
2014-08-01,1961.53,38.12,105.013336,237.852,25.617607
2014-09-01,1993.23,38.49,105.96,238.031,25.918436
2014-10-01,1937.27,38.806667,104.74333,237.433,25.162748
2014-11-01,2044.57,39.123333,103.526665,236.151,26.606817
2014-12-01,2054.27,39.44,102.31,234.812,26.794085
2015-01-01,2028.18,39.896667,101.29,233.707,26.492296
2015-02-01,2082.2,40.353333,100.27,234.722,26.995514
2015-03-01,2079.99,40.81,99.25,236.119,26.728605
2015-04-01,2094.86,41.12,97.80334,236.599,26.791372
2015-05-01,2111.94,41.43,96.35667,237.805,26.806112
2015-06-01,2099.29,41.74,94.91,238.638,26.495895
2015-07-01,2094.14,41.996666,93.49333,238.654,26.381136
2015-08-01,2039.87,42.253334,92.07667,238.316,25.693659
2015-09-01,1944.41,42.51,90.66,237.945,24.496752
2015-10-01,2024.81,42.803333,89.28333,237.838,25.491442
2015-11-01,2080.62,43.09667,87.90667,237.336,26.225851
2015-12-01,2054.08,43.39,86.53,236.525,25.965424
2016-01-01,1918.6,43.553333,86.5,236.916,24.206167
2016-02-01,1904.42,43.716667,86.47,237.111,24.002607
2016-03-01,2021.95,43.88,86.44,238.132,25.3723
2016-04-01,2075.54,44.073334,86.6,239.261,25.922338
2016-05-01,2065.55,44.266666,86.76,240.229,25.69471
2016-06-01,2083.89,44.46,86.92,241.018,25.840372
2016-07-01,2148.9,44.65,87.64333,240.628,26.694004
2016-08-01,2170.95,44.84,88.36667,240.849,26.948872
2016-09-01,2157.69,45.03,89.09,241.428,26.727873
2016-10-01,2143.02,45.253334,90.91,241.729,26.525143
2016-11-01,2164.99,45.476665,92.73,241.353,26.850954
2016-12-01,2246.63,45.7,94.55,241.432,27.865099
2017-01-01,2275.12,45.926666,96.46333,242.839,28.063574
2017-02-01,2329.91,46.15333,98.37666,243.603,28.655106
2017-03-01,2366.82,46.38,100.29,243.801,29.086922
2017-04-01,2359.31,46.66,101.53333,244.524,28.904245
2017-05-01,2395.35,46.94,102.776665,244.733,29.313345
2017-06-01,2433.99,47.22,104.02,244.955,29.748503
2017-07-01,2454.1,47.536667,105.04,244.786,30.00222
2017-08-01,2456.22,47.853333,106.06,245.519,29.914959
2017-09-01,2492.84,48.17,107.08,246.819,30.168114
2017-10-01,2557.0,48.423332,108.013336,246.663,30.920393
2017-11-01,2593.61,48.676666,108.94666,246.669,31.298914
2017-12-01,2664.34,48.93,109.88,246.524,32.086132
2018-01-01,2789.8,49.286667,111.73333,247.867,33.307343
2018-02-01,2705.16,49.643333,113.58667,248.991,32.03538
2018-03-01,2702.77,50.0,115.44,249.554,31.808409
2018-04-01,2653.63,50.33,117.78667,250.546,30.970179
2018-05-01,2701.49,50.66,120.13333,251.588,31.243614
2018-06-01,2754.35,50.99,122.48,251.989,31.630556
2018-07-01,2793.64,51.44,125.11667,252.006,31.886368
2018-08-01,2857.82,51.89,127.753334,252.146,32.390278
2018-09-01,2901.5,52.34,130.39,252.439,32.62289
2018-10-01,2785.46,52.81,131.05667,252.885,31.037962
2018-11-01,2723.23,53.28,131.72333,252.038,30.195583
2018-12-01,2567.31,53.75,132.39,251.233,28.291857
2019-01-01,2607.39,54.146667,133.05667,251.712,28.380165
2019-02-01,2754.86,54.543335,133.72333,252.776,29.54155
2019-03-01,2803.98,54.94,134.39,254.202,29.576197
2019-04-01,2903.8,55.31909,134.68333,255.548,30.133516
2019-05-01,2854.71,55.698185,134.97667,256.092,29.242031
2019-06-01,2890.17,56.077274,135.27,256.143,29.283796
2019-07-01,2996.1135,56.458183,134.48,256.571,29.986685
2019-08-01,2897.4983,56.839092,133.69,256.558,28.705397
2019-09-01,2982.156,57.22,132.9,256.759,29.22952
2019-10-01,2977.68,57.56,135.09,257.346,28.841124
2019-11-01,3104.9045,57.9,137.28,257.208,29.836868
2019-12-01,3176.7495,58.24,139.47,256.974,30.331821
2020-01-01,3278.203,58.686867,131.75667,257.971,30.98522
2020-02-01,3277.3142,59.133736,124.043335,258.678,30.729689
2020-03-01,2652.3936,59.580605,116.33,258.115,24.81717
2020-04-01,2761.9753,59.613735,110.63,256.389,25.927359
2020-05-01,2919.615,59.64687,104.93,256.394,27.328482
2020-06-01,3104.661,59.68,99.23,257.797,28.838316
2020-07-01,3207.6191,59.40333,98.89333,259.101,29.599195
2020-08-01,3391.71,59.126667,98.55666,259.918,31.158209
2020-09-01,3365.5166,58.85,98.22,260.28,30.839426
2020-10-01,3418.7014,58.659615,96.85667,260.388,31.283693
2020-11-01,3548.9924,58.46923,95.49333,260.229,32.473206
2020-12-01,3695.31,58.278847,94.13,260.474,33.76559
2021-01-01,3793.7485,58.063694,105.486664,261.582,34.512432
2021-02-01,3883.4321,57.84854,116.84333,263.014,35.10391
2021-03-01,3910.5083,57.63339,128.2,264.877,35.042545
2021-04-01,4141.1763,57.710606,138.38667,267.054,36.719814
2021-05-01,4167.8496,57.787823,148.57333,269.195,36.552135
2021-06-01,4238.4897,57.865044,158.76,271.696,36.69626
2021-07-01,4363.713,58.32819,164.31667,273.003,37.443382
2021-08-01,4454.2065,58.791336,169.87334,273.567,37.9735
2021-09-01,4445.5435,59.254482,175.43,274.31,37.620346
2021-10-01,4460.707,59.63536,182.91,276.589,37.253025
2021-11-01,4667.3867,60.01624,190.39,277.948,38.582626
2021-12-01,4674.773,60.397118,197.87,278.802,38.30485
2022-01-01,4573.8154,60.921402,197.88333,281.148,36.93676
2022-02-01,4435.9805,61.44569,197.89667,283.716,35.287148
2022-03-01,4391.265,61.969975,197.91,287.504,34.270798
2022-04-01,4391.296,62.653316,196.02667,289.109,33.889164
2022-05-01,4040.36,63.33666,194.14333,292.296,30.673155
2022-06-01,3898.9468,64.02,192.26,296.311,29.047722
2022-07-01,3911.7295,64.45277,190.58333,296.276,29.004618
2022-08-01,4158.563,64.88554,188.90666,296.171,30.698763
2022-09-01,3850.5205,65.318306,187.23,296.808,28.229885
2022-10-01,3726.051,65.8522,182.40334,298.012,27.080767
2022-11-01,3917.4885,66.3861,177.57666,297.711,28.378948
2022-12-01,3912.3809,66.92,172.75,296.797,28.316902
2023-01-01,3960.6565,67.35,173.55667,299.17,28.334814
2023-02-01,4079.6848,67.78,174.36333,300.84,28.919764
2023-03-01,3968.559,68.21,175.17,301.836,27.938131
2023-04-01,4121.4673,68.37666,177.11667,303.363,28.764841
2023-05-01,4146.1733,68.543335,179.06334,304.127,28.76205
2023-06-01,4345.373,68.71,181.01,305.109,29.940031
2023-07-01,4508.0757,68.91105,182.09,305.691,30.89166
2023-08-01,4457.359,69.11209,183.17,307.026,30.304749
2023-09-01,4409.095,69.31313,184.25,307.789,29.799683
2023-10-01,4269.401,69.64332,186.97667,307.671,28.769054
2023-11-01,4460.0635,69.9735,189.70334,307.051,30.013226
2023-12-01,4685.0513,70.303696,192.43,306.746,31.45231
2024-01-01,4815.614,70.4774,192.08333,308.417,32.045124
2024-02-01,5011.9614,70.651115,191.73666,310.326,33.037193
2024-03-01,5170.5723,70.82483,191.39,312.332,33.75492
2024-04-01,5112.4927,71.20848,193.18,313.548,33.141594
2024-05-01,5235.2256,71.59214,194.97,314.069,33.773636
2024-06-01,5415.1406,71.9758,196.76,314.175,34.810547
2024-07-01,5538.0044,72.45053,197.93,314.54,35.443554
2024-08-01,5478.2144,72.92527,199.1,314.796,34.919632
2024-09-01,5621.2607,73.4,200.27,315.301,35.660183
2024-10-01,5792.3193,73.87742,203.57,315.664,36.58721
2024-11-01,5929.916,74.354836,206.87,315.493,37.350197
2024-12-01,6010.9087,74.83225,210.17,315.605,37.711193
2025-01-01,5979.5156,75.269936,212.34334,317.671,37.12922
2025-02-01,6038.69,75.70762,214.51666,319.082,37.187176
2025-03-01,5683.9834,76.1453,216.69,319.799,34.78475
2025-04-01,5369.4956,76.54687,218.63667,320.795,32.62127
2025-05-01,5810.9194,76.94843,220.58333,321.465,35.0767
2025-06-01,6029.9517,77.35,222.53,322.561,36.11109
2025-07-01,6296.498,77.72667,226.77,323.048,37.474247
2025-08-01,6408.9497,78.10333,231.01,323.976,37.846146
2025-09-01,6584.018,78.48,235.25,324.8,38.580387
2025-10-01,6735.692,78.82667,237.04466,325.212,39.205692
2025-11-01,6740.8857,79.17333,238.83934,324.122,39.149567
2025-12-01,6853.0254,79.52,240.634,324.054,39.581642
2026-01-01,6929.122,79.801765,247.66367,325.252,39.64082
2026-02-01,6893.806,80.083534,254.69333,326.785,39.013996
2026-03-01,6654.419,80.3653,261.723,330.213,37.031612
2026-04-01,6957.008,80.5867,,333.02,38.13828
2026-05-01,7412.5513,80.8081,,335.123,40.604153
2026-06-01,7450.0327,81.0295,,336.1745,40.90783
2026-07-01,7503.85,,,336.70026,41.368492
